Image_id,blast,brown,healthy
id_00vl5wvxq3.jpg,0.002122816164046526,0.9963269829750061,0.0015502473106607795
id_01hu05mtch.jpg,0.00925350096076727,0.012830578722059727,0.9779159426689148
id_030ln10ewn.jpg,0.05307016149163246,0.00285276654176414,0.9440770745277405
id_03z57m8xht.jpg,3.2746625947766006e-05,0.9999322891235352,3.499657032079995e-05
id_04ngep1w4b.jpg,0.0011910541215911508,0.9321827292442322,0.06662622839212418
id_050c6jzczt.jpg,0.0016657250234857202,0.022092116996645927,0.976242184638977
id_062s7kr3jp.jpg,0.4579339027404785,0.3799948990345001,0.16207119822502136
id_066v0v19bm.jpg,0.00026013440219685435,0.9986108541488647,0.001129042822867632
id_07v2dwvq17.jpg,0.08421402424573898,0.45496973395347595,0.46081632375717163
id_084yoijkju.jpg,0.053433794528245926,0.9327788352966309,0.013787391595542431
id_089nmtd1v0.jpg,0.0016730842180550098,0.9972248077392578,0.0011021645041182637
id_0ane7k90m0.jpg,0.1586129516363144,0.8286994695663452,0.012687585316598415
id_0e7wk9uzq3.jpg,0.00162698479834944,0.9954408407211304,0.0029322041664272547
id_0f43lwh2ve.jpg,0.41347527503967285,0.10386664420366287,0.48265811800956726
id_0gutmn510g.jpg,0.8300960063934326,0.05041196569800377,0.11949203163385391
id_0ivqysjaf3.jpg,0.006490115541964769,0.9934878349304199,2.2056239686207846e-05
id_0jv00ddllp.jpg,0.009591328911483288,0.9887829422950745,0.0016257823444902897
id_0jvgjlu6db.jpg,0.00020729980315081775,0.9997374415397644,5.5211632570717484e-05
id_0kb1k9p3ox.jpg,0.9689086079597473,0.008330175653100014,0.022761201485991478
id_0ptdk3a5vq.jpg,0.01709689199924469,0.006113643757998943,0.9767894148826599
id_0r2hdgahag.jpg,0.010742413811385632,0.9799594879150391,0.009298145771026611
id_0rye0m9k8n.jpg,0.00016395878628827631,0.9994433522224426,0.00039273194852285087
id_0s71zmqgab.jpg,0.9843661785125732,0.010475669987499714,0.005158130545169115
id_0s8jfre56d.jpg,0.0018189948750659823,0.9174053072929382,0.08077576011419296
id_0s8p3xe7ox.jpg,0.0006899278378114104,0.0038292587269097567,0.9954807758331299
id_0sfi1usm7o.jpg,0.026667429134249687,0.012566130608320236,0.9607663750648499
id_0sj2nj0iv8.jpg,0.8587528467178345,0.024762069806456566,0.11648499965667725
id_0sk77pcna4.jpg,0.09887942671775818,0.8933314085006714,0.007789188530296087
id_0u5yyljlni.jpg,0.0008660230087116361,0.0010371790267527103,0.998096764087677
id_0wmuruj6vc.jpg,0.0006743349367752671,0.9986862540245056,0.0006394178490154445
id_0x8ufanyyl.jpg,0.005232969764620066,0.9931610822677612,0.0016059309709817171
id_0zmihf5mrh.jpg,0.019208597019314766,0.011357140727341175,0.9694343209266663
id_102rthzp5d.jpg,0.00023119950492400676,0.002854964230209589,0.9969139099121094
id_10jv6d35ge.jpg,0.0020330180414021015,0.9975659847259521,0.0004009676049463451
id_10wvvleobw.jpg,0.009808573871850967,0.9671475291252136,0.02304396592080593
id_12exehmn04.jpg,0.007948106154799461,0.9785232543945312,0.013528614304959774
id_12sbto2xb5.jpg,0.0014049354940652847,0.9759396314620972,0.022655446082353592
id_15kgdxivta.jpg,0.002302319509908557,0.976083517074585,0.021614184603095055
id_16cw42588b.jpg,0.5067876577377319,0.011261922307312489,0.48195043206214905
id_172v32sjrd.jpg,0.11455873399972916,0.003057687310501933,0.8823835849761963
id_185nae1uwe.jpg,0.0022983946837484837,0.9251390695571899,0.0725625604391098
id_18dbof864z.jpg,0.0004721278673969209,0.9980522394180298,0.0014756902819499373
id_18gc0uojou.jpg,0.00918329507112503,0.0208622794598341,0.9699544310569763
id_18tvychr6u.jpg,0.5130680799484253,0.05470946431159973,0.432222455739975
id_1abk7wnlia.jpg,0.005980851594358683,0.9916573762893677,0.002361773746088147
id_1b75oukcu7.jpg,0.016603969037532806,0.9652658104896545,0.018130235373973846
id_1biitp0gbc.jpg,0.0002714945003390312,0.0001068552810465917,0.9996216297149658
id_1bwteyjgef.jpg,0.0026927697472274303,0.9877771139144897,0.009530141949653625
id_1cgkf5k10j.jpg,0.0010697905672714114,0.9972568154335022,0.0016733829397708178
id_1faueyfqyx.jpg,0.1320122331380844,0.04445745050907135,0.823530375957489
id_1gkr07e0kd.jpg,0.0005313892033882439,0.9986764788627625,0.0007920591160655022
id_1gn0og83mi.jpg,0.27365827560424805,0.16489353775978088,0.5614482164382935
id_1gxrc02que.jpg,0.4051181375980377,0.38347792625427246,0.2114040106534958
id_1i4c79c9ji.jpg,0.008307774551212788,0.9826786518096924,0.009013507515192032
id_1i5v2j4sax.jpg,0.0005938521353527904,0.0005589109496213496,0.998847246170044
id_1j1edjfd4f.jpg,0.004014063626527786,0.0012081899913027883,0.9947777986526489
id_1jex1cbzqz.jpg,0.01611977256834507,0.5476699471473694,0.4362102448940277
id_1jklgpd8d6.jpg,0.02220127545297146,0.9645116925239563,0.01328701339662075
id_1krj65y404.jpg,0.03360176086425781,0.9628587365150452,0.0035395892336964607
id_1m6n769g91.jpg,0.0013258155668154359,0.9845820069313049,0.014092170633375645
id_1nfivdxg3k.jpg,0.015889529138803482,0.9202357530593872,0.06387472152709961
id_1nrkalt5m2.jpg,0.008880805224180222,0.8465311527252197,0.14458803832530975
id_1p26yf26ad.jpg,0.0043017747811973095,0.991990864276886,0.0037073150742799044
id_1phhaetwp0.jpg,0.07302983105182648,0.0854228287935257,0.8415473699569702
id_1q5254vwyn.jpg,0.0015053687384352088,0.9949795603752136,0.003515031421557069
id_1s51xf1hzi.jpg,0.03358263149857521,0.9643534421920776,0.0020638692658394575
id_1sju9mce8x.jpg,0.0007519400678575039,5.7361452491022646e-05,0.999190628528595
id_1sobp25gqr.jpg,0.001138219959102571,0.9979660511016846,0.0008957519894465804
id_1tajvlo77s.jpg,5.078348840470426e-05,0.9999362230300903,1.2948472431162372e-05
id_1uoy9y28ci.jpg,0.24131041765213013,0.6449149250984192,0.11377465724945068
id_1w1zx50ks3.jpg,0.05524547025561333,0.9424893856048584,0.002265115035697818
id_1wkzflxkh6.jpg,0.0006551399710588157,0.9991255402565002,0.00021928803471382707
id_1xohzz86kf.jpg,0.0027891150675714016,0.9848632216453552,0.012347710318863392
id_1y0zncmgqb.jpg,0.05817519128322601,0.8930423259735107,0.048782479017972946
id_1y37qz4ry0.jpg,0.005765857640653849,0.9918848276138306,0.0023493522312492132
id_1yrozih525.jpg,0.11397361010313034,0.29173606634140015,0.5942903161048889
id_1yzlxwmbtw.jpg,0.198938250541687,0.2688515782356262,0.5322101712226868
id_1zyv1iq9ke.jpg,0.015089986845850945,0.8969079852104187,0.08800207823514938
id_202qmgptos.jpg,0.059884581714868546,0.8969237804412842,0.04319162666797638
id_20jy1dng9w.jpg,0.06572747975587845,0.9283544421195984,0.005918112117797136
id_20lxhltxfh.jpg,0.006058547645807266,0.9445623159408569,0.04937906935811043
id_222sm7fvpz.jpg,0.005635510198771954,0.0015838879626244307,0.9927806258201599
id_22xrmf5o43.jpg,0.00011506675946293399,0.9997279047966003,0.00015700292715337127
id_23frz85y4q.jpg,0.007336391136050224,0.9877459406852722,0.004917674232274294
id_2429vw33is.jpg,0.016461020335555077,0.0008727415697649121,0.9826662540435791
id_244q5yfpok.jpg,0.0007737416890449822,0.998840868473053,0.00038543110713362694
id_25b366alwi.jpg,0.059615980833768845,0.6293814778327942,0.3110025227069855
id_2634btzlwa.jpg,0.7179882526397705,0.003102250397205353,0.27890950441360474
id_29147ujazi.jpg,0.005453689023852348,0.9888402819633484,0.00570598104968667
id_29ua75zqlo.jpg,0.9275770783424377,0.025321878492832184,0.04710104689002037
id_2btc6aaiul.jpg,0.0032133746426552534,0.0008657125872559845,0.9959208965301514
id_2dc984fdle.jpg,0.9996150732040405,8.526931196684018e-06,0.0003763500426430255
id_2e6287ty0v.jpg,0.034902364015579224,0.32863008975982666,0.6364675760269165
id_2f0o0mfu1g.jpg,0.0003798396501224488,0.9983587861061096,0.001261318800970912
id_2fljyfm5he.jpg,0.0009871104266494513,0.998389720916748,0.0006231879815459251
id_2ifmsk6xpl.jpg,0.024511082097887993,0.9477784633636475,0.027710488066077232
id_2ku67cg3ud.jpg,0.00488998182117939,0.9773077964782715,0.017802264541387558
id_2nmj22clly.jpg,0.558738112449646,0.43958529829978943,0.0016765755135565996
id_2o6mpuqjj6.jpg,0.0006700821686536074,0.9981525540351868,0.0011773909209296107
id_2pybialww7.jpg,0.08913726359605789,0.055289000272750854,0.8555737733840942
id_2q6g4ubcn3.jpg,0.0004583200206980109,0.9993131160736084,0.00022852631809655577
id_2uahvm6nlz.jpg,0.004975968971848488,0.9906538128852844,0.004370175302028656
id_2y87y866kh.jpg,0.05439936742186546,0.9128252267837524,0.0327754020690918
id_2z9iw7acwj.jpg,0.5875803828239441,0.3625691533088684,0.04985048621892929
id_321v8nul8r.jpg,0.06654901802539825,0.8646256327629089,0.06882534176111221
id_32dfq1f0fz.jpg,0.0031227385625243187,0.4908902645111084,0.5059869885444641
id_349dssqmyx.jpg,0.3004581332206726,0.020380279049277306,0.6791616082191467
id_3501x49zk6.jpg,0.0042498474940657616,0.011271214112639427,0.9844790101051331
id_35n9wtfzvj.jpg,0.0009972939733415842,0.9946284890174866,0.004374182783067226
id_37dlaohacg.jpg,0.13106736540794373,0.6376709342002869,0.23126177489757538
id_38fgveupp6.jpg,0.005721373483538628,0.01672547124326229,0.9775531888008118
id_393toqusi5.jpg,0.0015320922248065472,0.997546374797821,0.0009214623714797199
id_398iuyjuiw.jpg,0.00012238863564562052,0.9997504353523254,0.00012717279605567455
id_3aw1x3lp00.jpg,0.001110630459152162,0.9957446455955505,0.0031447086948901415
id_3azjbcsaoz.jpg,0.003507958259433508,0.9864985942840576,0.009993452578783035
id_3b3ittba4m.jpg,0.0016615160275250673,0.9959413409233093,0.0023970650508999825
id_3bpvokar6a.jpg,0.8480112552642822,0.04580860584974289,0.10618018358945847
id_3bzlx5zdtc.jpg,7.032132998574525e-05,0.00013215941726230085,0.999797523021698
id_3eis2hodjf.jpg,0.003021230222657323,0.9959545135498047,0.00102424924261868
id_3erzt7e8go.jpg,0.9999821186065674,3.1215631679515354e-07,1.7488569937995635e-05
id_3ffiga0dbm.jpg,0.3722296953201294,0.004999713506549597,0.6227706074714661
id_3hax4hkblt.jpg,0.00019288779003545642,0.9984524250030518,0.0013546536210924387
id_3hb0jpd195.jpg,0.007313340902328491,0.3625696003437042,0.6301169991493225
id_3k3bngsb0x.jpg,0.9455069899559021,0.0254389438778162,0.02905413694679737
id_3o0cliy66y.jpg,0.15516246855258942,0.84146648645401,0.0033710391726344824
id_3oz6lfl9zh.jpg,0.06952480226755142,0.8106207251548767,0.11985442042350769
id_3pxyuwfequ.jpg,0.0009039512369781733,0.9981635212898254,0.0009326012805104256
id_3q19pe5ap7.jpg,0.016755161806941032,0.028211181983351707,0.9550336599349976
id_3u167skcbr.jpg,2.4293718524859287e-05,0.9999265670776367,4.908163100481033e-05
id_3u678if5sa.jpg,0.030859151855111122,0.9367964863777161,0.032344330102205276
id_3utzbj8iwy.jpg,0.0007030497654341161,0.9981447458267212,0.0011522286804392934
id_3v9lrv6wd1.jpg,0.06763822585344315,0.9266197681427002,0.005742012057453394
id_3xxa7ein98.jpg,9.309476445196196e-05,0.00010224049037788063,0.999804675579071
id_3yzntalbvj.jpg,0.023210419341921806,0.8942990303039551,0.08249060064554214
id_3zpci62t81.jpg,0.009314647875726223,0.0019417994190007448,0.9887436628341675
id_3zr7d0lxtp.jpg,0.10404492914676666,0.14196562767028809,0.7539893984794617
id_40tq9ldy97.jpg,0.0017548680771142244,0.9950641989707947,0.0031808980274945498
id_40x5h1zs7z.jpg,0.0641055628657341,0.9043606519699097,0.03153382986783981
id_4227oe5rcg.jpg,0.005454482976347208,0.9876444935798645,0.006900977808982134
id_42eimytwax.jpg,0.006145226303488016,0.01967720501124859,0.9741775989532471
id_46tn6xbbos.jpg,0.6196335554122925,0.07830936461687088,0.30205708742141724
id_46xhul3ffj.jpg,0.018244491890072823,0.7462015151977539,0.23555399477481842
id_497layo6y6.jpg,0.0037974356673657894,0.9952750205993652,0.0009275518823415041
id_4b2kzejrzs.jpg,0.0025777954142540693,0.0001626045414013788,0.9972594976425171
id_4c0y67btx0.jpg,0.0007488165865652263,0.9984678626060486,0.0007832770934328437
id_4c5fsx9t1g.jpg,0.040137603878974915,0.9136722683906555,0.046190083026885986
id_4e4hrr1doy.jpg,0.00040703886770643294,0.00016728867194615304,0.9994257688522339
id_4eokhx4xmu.jpg,0.016841929405927658,0.0009550022659823298,0.9822031259536743
id_4eqly7ghcb.jpg,0.002490784041583538,0.9970749616622925,0.00043428587378002703
id_4eyre09j24.jpg,0.9882460236549377,0.0010295937536284328,0.01072431169450283
id_4ghoez8b3q.jpg,0.42186740040779114,0.001746281166560948,0.5763862729072571
id_4hojjs1sqk.jpg,0.9997031092643738,1.891487409011461e-05,0.00027790406602434814
id_4i6zcdrwkr.jpg,0.006923150736838579,0.10810891538858414,0.8849678635597229
id_4jmwaj5c0z.jpg,0.005292036104947329,0.05166305601596832,0.943044900894165
id_4lowhbx63p.jpg,0.11304588615894318,0.8417090773582458,0.045245084911584854
id_4nvv0xethp.jpg,0.0008607775089330971,0.004537765868008137,0.9946014881134033
id_4p09jwrfcd.jpg,0.00017296661098953336,0.9979694485664368,0.0018575271824374795
id_4pa7clavwn.jpg,0.0009583021746948361,0.9980921149253845,0.0009496230632066727
id_4rnqd1qmsb.jpg,0.007243495900183916,0.9839937686920166,0.008762715384364128
id_4t04covpzf.jpg,0.9983354210853577,0.0014413319295272231,0.00022329333296511322
id_4vcmk255mj.jpg,0.00659188162535429,0.992010235786438,0.0013979282230138779
id_4veqvgf276.jpg,0.1644948422908783,0.831878662109375,0.0036265153903514147
id_4xqyedo4gz.jpg,0.0011329450644552708,0.9987027645111084,0.00016427176888100803
id_4yrf1ograd.jpg,0.030952734872698784,0.9339601993560791,0.03508713096380234
id_4zusywq1cj.jpg,0.0021731327287852764,0.9969059824943542,0.0009208866395056248
id_50uwy9lssr.jpg,0.04499625787138939,0.9496098160743713,0.0053939176723361015
id_510uss2kx6.jpg,0.0019577767234295607,0.9977384805679321,0.00030370347667485476
id_566s519h3g.jpg,0.0022476285230368376,0.00010493092850083485,0.9976474642753601
id_56ig1njq37.jpg,0.002191937528550625,0.9830076694488525,0.014800377190113068
id_584lgxnpb7.jpg,0.9994878768920898,0.00017731785192154348,0.0003348137834109366
id_58jg1k3s5r.jpg,0.0009387567406520247,0.9854298830032349,0.013631393201649189
id_5c0o7whkhv.jpg,0.8770363330841064,0.0002484901633579284,0.12271510809659958
id_5eilypqfff.jpg,0.002687217900529504,0.0033381879329681396,0.993974506855011
id_5f20all309.jpg,0.3958051800727844,0.08815755695104599,0.5160372853279114
id_5gn6rtfftv.jpg,0.01440861914306879,0.9809673428535461,0.004623965825885534
id_5gz27g2s4l.jpg,0.0013221518602222204,0.9840341806411743,0.014643674716353416
id_5ixtcjsmuz.jpg,0.005856445990502834,0.45847395062446594,0.5356696248054504
id_5k7qvp9fhc.jpg,0.08817215263843536,0.898347020149231,0.013480796478688717
id_5k7vfi0zc5.jpg,0.0020078730303794146,0.9976773858070374,0.0003147882816847414
id_5lo7l0y0vb.jpg,7.177606312325224e-05,0.9998733997344971,5.479799074237235e-05
id_5lxm7mcsj2.jpg,0.021680941805243492,0.10734718292951584,0.8709718585014343
id_5nkfatffwe.jpg,0.27767786383628845,0.7155893445014954,0.00673274602741003
id_5vqbqpw7qn.jpg,0.01063365675508976,0.47984641790390015,0.5095199346542358
id_5w2fpqgby8.jpg,0.001359904883429408,0.9945302605628967,0.004109820816665888
id_5wcv5ugwhx.jpg,0.9969659447669983,0.00012864811287727207,0.002905481029301882
id_5ylgl2empi.jpg,0.014248527586460114,0.9844502806663513,0.001301183714531362
id_60qaklh3mk.jpg,0.7901126146316528,0.16078731417655945,0.04910016059875488
id_61cw521nxd.jpg,0.0064835804514586926,0.005033064633607864,0.9884833693504333
id_63btdfqcnj.jpg,0.000798019755166024,3.8018072245904477e-06,0.9991981387138367
id_63pslknc7r.jpg,0.005774091463536024,0.986315131187439,0.00791084859520197
id_63x62yn6ve.jpg,0.041509538888931274,0.003383547766134143,0.9551069736480713
id_648d4t1un5.jpg,0.019664980471134186,0.6811903715133667,0.2991446852684021
id_64a66iflbg.jpg,0.00023398286430165172,0.9986172914505005,0.001148732379078865
id_64xo3an59r.jpg,0.03142281994223595,0.8883526921272278,0.08022452145814896
id_6579czllj5.jpg,0.8339645266532898,0.159642294049263,0.006393208634108305
id_65fiexheye.jpg,0.0005711857229471207,0.005947088822722435,0.9934817552566528
id_65igspysof.jpg,0.9803714156150818,0.01464914157986641,0.0049794986844062805
id_66bnbmp7o7.jpg,0.0002695307193789631,0.9996023774147034,0.00012805814913008362
id_66m9y7ilsm.jpg,0.019680434837937355,0.889496386051178,0.09082319587469101
id_6bkgvuphbg.jpg,0.00029738410376012325,0.00018656362954061478,0.9995160102844238
id_6bypvyv5vv.jpg,0.0733751505613327,0.017959516495466232,0.9086653590202332
id_6c5hxxj9py.jpg,0.0017177093541249633,0.00017324951477348804,0.9981091022491455
id_6eo3wokp04.jpg,0.0132528617978096,0.9778899550437927,0.00885720830410719
id_6g7fz3ndtp.jpg,0.0010983163956552744,0.9978744983673096,0.0010271358769387007
id_6jcwemyxc9.jpg,0.008006658405065536,0.9882633686065674,0.0037299212999641895
id_6jkdvdcvp3.jpg,0.999146580696106,0.0004014999431092292,0.0004519257345236838
id_6luuayw4ih.jpg,0.006663230713456869,0.938370406627655,0.05496637895703316
id_6mz1zd20su.jpg,0.0010514857713133097,0.977283775806427,0.021664775907993317
id_6olr26yprl.jpg,0.0017293273704126477,0.0037745782174170017,0.9944960474967957
id_6ovjv98pi2.jpg,0.003330010687932372,0.6939451694488525,0.30272477865219116
id_6r3skclu2k.jpg,0.9010434150695801,0.09740730375051498,0.001549230539239943
id_6r8f1xh0cc.jpg,0.020907390862703323,0.34946250915527344,0.6296300888061523
id_6rn80ow9sl.jpg,0.004313767421990633,0.9275907874107361,0.06809540838003159
id_6rpous9krp.jpg,0.6480010151863098,0.20377181470394135,0.14822715520858765
id_6tjot777fk.jpg,0.017397047951817513,0.9502606987953186,0.032342225313186646
id_6u4wgjbt95.jpg,0.0014616702683269978,0.9942202568054199,0.00431803846731782
id_6vk6psro5s.jpg,0.014848536811769009,0.01326623186469078,0.9718852639198303
id_6z1bp84py1.jpg,0.006063173990696669,0.001041201176121831,0.9928955435752869
id_700mwvc0vx.jpg,0.004816541448235512,0.0028029456734657288,0.9923805594444275
id_70oj3rugky.jpg,0.009306365624070168,0.004349398426711559,0.9863442182540894
id_70qqvj0pii.jpg,0.0015798886306583881,0.9981871247291565,0.00023291446268558502
id_712bjojv2s.jpg,0.9996137022972107,0.00012133785639889538,0.0002649893576744944
id_7287yu0tkw.jpg,0.00021839675900992006,0.9987421631813049,0.0010395213030278683
id_72ky4xkvsp.jpg,0.06871207058429718,0.0009649015264585614,0.9303231239318848
id_72zw6mjvgo.jpg,0.6651937365531921,0.0026151554193347692,0.33219113945961
id_73a9naiehr.jpg,0.9363834261894226,0.013964264653623104,0.0496523417532444
id_74359q2hrc.jpg,0.0553620383143425,0.8789326548576355,0.0657052993774414
id_74gu2zkoxj.jpg,0.0461709089577198,0.9424692988395691,0.011359835974872112
id_74i7knnaa6.jpg,0.05563829839229584,0.024819334968924522,0.9195423722267151
id_74qvz0t4fy.jpg,0.00020465947454795241,0.9971235394477844,0.002671843860298395
id_74zd0jtvso.jpg,0.16579201817512512,0.7685103416442871,0.06569762527942657
id_75pre3joob.jpg,0.004111739341169596,0.009726556949317455,0.9861617088317871
id_75vovkuer9.jpg,0.07926127314567566,0.6504604816436768,0.2702782154083252
id_77ijc7wa3j.jpg,0.2047683149576187,0.7645890116691589,0.030642664059996605
id_78v1qy0me7.jpg,0.007374599575996399,0.9923330545425415,0.00029232841916382313
id_792bgr58xm.jpg,0.999226450920105,0.00028239452512934804,0.0004911614814773202
id_7966xv6p5i.jpg,0.0036951208021491766,0.9930641055107117,0.0032407515682280064
id_7b4zf930o7.jpg,0.9984418749809265,0.00047726003685966134,0.0010808478109538555
id_7dx69pxq4g.jpg,0.00492648733779788,0.9914219975471497,0.003651561914011836
id_7eso2apebc.jpg,0.035382796078920364,0.963898241519928,0.0007189955795183778
id_7gs7jffsdm.jpg,0.00016167988360393792,0.9995105266571045,0.0003277562209405005
id_7htglor42s.jpg,0.0038640534039586782,0.5725995302200317,0.42353641986846924
id_7ivw1rdt60.jpg,0.005721800960600376,0.0207233764231205,0.9735548496246338
id_7j622hnfcq.jpg,0.029736269265413284,0.9596211314201355,0.01064253505319357
id_7l69draumk.jpg,0.02278849668800831,0.9114198684692383,0.06579165160655975
id_7mbzttiyjx.jpg,0.006618024315685034,0.08554192632436752,0.9078400135040283
id_7mjwvizaz4.jpg,0.014469511806964874,0.9792648553848267,0.00626559741795063
id_7nt5ym1rab.jpg,0.15899242460727692,0.8230188488960266,0.01798870973289013
id_7nuvwqoznc.jpg,0.00011674388952087611,0.9986959099769592,0.001187330111861229
id_7ox9hfrp2p.jpg,0.017496908083558083,0.9553198218345642,0.027183324098587036
id_7piya8u1a5.jpg,0.003428050084039569,0.9645456075668335,0.03202628716826439
id_7qfre8d4gx.jpg,0.005486608017235994,0.610259473323822,0.38425391912460327
id_7r73s15wdu.jpg,0.02287862077355385,0.9698464274406433,0.00727494340389967
id_7rkfw0pgej.jpg,0.002350505208596587,0.9926964044570923,0.004953118972480297
id_7sseaeewuh.jpg,0.0016391715034842491,0.9880332946777344,0.010327596217393875
id_7suxzhgr6k.jpg,0.12391547113656998,0.01776926964521408,0.8583152890205383
id_7t4t4nuo1y.jpg,0.01121123693883419,0.05401989072561264,0.9347688555717468
id_7troz2ms9w.jpg,0.1061815619468689,0.8501666784286499,0.04365172237157822
id_7urr8falap.jpg,0.0031726770102977753,0.9091783761978149,0.08764892816543579
id_7wqwcmi8rt.jpg,0.011552348732948303,0.0012200367636978626,0.9872275590896606
id_7wukxcmpbd.jpg,0.0191436018794775,0.9722108840942383,0.008645514026284218
id_7wvj41qgu8.jpg,0.006007607094943523,0.004384366329759359,0.9896079897880554
id_7y7kizouj3.jpg,0.009875500574707985,0.9889765381813049,0.0011479775421321392
id_7z7c7yav4z.jpg,0.07479148358106613,0.171688973903656,0.753519594669342
id_7zso8x5txl.jpg,0.02799123525619507,0.006081387400627136,0.9659273624420166
id_80uy76npvy.jpg,0.008244424127042294,0.0013423215132206678,0.990413248538971
id_8285wr8lqi.jpg,0.6242746114730835,0.22037769854068756,0.15534770488739014
id_856sqmfzwg.jpg,0.0010603885166347027,0.0025785230100154877,0.9963610768318176
id_85x8auxsl3.jpg,0.02797510474920273,0.036661457270383835,0.9353634715080261
id_890agl8zkx.jpg,0.12329734861850739,0.41851526498794556,0.45818737149238586
id_8aximw3gbo.jpg,0.0006800976116210222,6.079202648834325e-06,0.9993138313293457
id_8c4pq31jju.jpg,0.0018327271100133657,0.9976122379302979,0.0005550427595153451
id_8dbdn90bmg.jpg,0.0023310184478759766,0.007161298301070929,0.9905077219009399
id_8fbilb09da.jpg,0.5523723363876343,0.388417512178421,0.059210170060396194
id_8gyccu6fn0.jpg,0.0029962342232465744,9.644072270020843e-05,0.9969072937965393
id_8h2vdiwjnf.jpg,0.003713887883350253,0.9478836059570312,0.048402491956949234
id_8i3h5j0qqd.jpg,0.022103898227214813,0.9776040315628052,0.00029210979118943214
id_8iwoos555d.jpg,0.0019750979263335466,0.9661539196968079,0.03187097981572151
id_8j9vk5ljpd.jpg,0.01305847056210041,0.12342214584350586,0.8635193705558777
id_8jsjliuxmu.jpg,0.023272162303328514,0.9704110026359558,0.006316813174635172
id_8kctxkxhml.jpg,0.006390009541064501,0.0038991968613117933,0.9897107481956482
id_8km8v0obx1.jpg,0.9999110698699951,3.069396916544065e-05,5.818301360704936e-05
id_8l7f4q4tfu.jpg,0.0009917397983372211,0.9976625442504883,0.001345677301287651
id_8mja6ti650.jpg,0.000784439907874912,0.7740750312805176,0.2251404970884323
id_8nlg2xb2is.jpg,0.013205100782215595,0.9821881651878357,0.00460667721927166
id_8o5a4nezxp.jpg,0.004366530571132898,0.9943748712539673,0.0012586461380124092
id_8odmdfi7iz.jpg,0.016377700492739677,0.00022430098033510149,0.9833979606628418
id_8oeekx1062.jpg,0.8945792317390442,0.10155895352363586,0.003861848032101989
id_8qcbpzadoy.jpg,0.0009643794037401676,0.7237690091133118,0.2752666175365448
id_8u35quh9ds.jpg,0.0027626478113234043,0.9841684699058533,0.01306887436658144
id_8u7pccetfi.jpg,0.9926000833511353,0.0011415428016334772,0.006258389912545681
id_8x569866pb.jpg,6.117141310824081e-05,0.9998030066490173,0.00013589151785708964
id_8xkrg1bywr.jpg,0.003580344608053565,0.011902146972715855,0.984517514705658
id_8ycgxgfq0k.jpg,0.013708866201341152,0.023538580164313316,0.962752640247345
id_8yrscp6yel.jpg,0.0001529253349872306,1.0335456863685977e-05,0.9998366832733154
id_90e92xfixp.jpg,0.08740013092756271,0.4799235165119171,0.4326763153076172
id_92arb6rtbu.jpg,0.0028794598765671253,0.9869306087493896,0.010189969092607498
id_947llr07l1.jpg,0.00016150322335306555,0.998721182346344,0.0011172773083671927
id_94ppy8gtdn.jpg,0.009713510982692242,0.9869760870933533,0.0033104042522609234
id_95b0liwdh6.jpg,0.00796526949852705,0.9851064682006836,0.0069282869808375835
id_95fcfcgs9d.jpg,0.8832585215568542,0.0003301601973362267,0.11641129106283188
id_97pniadwxs.jpg,0.0001647993631195277,5.6142340326914564e-05,0.9997790455818176
id_9b0tkqic6c.jpg,0.025591831654310226,0.9706202745437622,0.0037879436276853085
id_9bayys139l.jpg,0.9982682466506958,0.00017489586025476456,0.001556755043566227
id_9bkxkg5uoy.jpg,0.12259425222873688,0.8717851638793945,0.005620564799755812
id_9d8dhe83vo.jpg,0.0638071671128273,0.9148522615432739,0.021340522915124893
id_9ds3juieb3.jpg,0.8649412989616394,0.09555341303348541,0.03950527682900429
id_9f9ptfngd8.jpg,0.00021813985949847847,0.9946186542510986,0.00516311964020133
id_9h4oarnpqt.jpg,0.17172469198703766,0.7314285039901733,0.0968467965722084
id_9jjb9023hu.jpg,0.1378534734249115,0.6887200474739075,0.17342647910118103
id_9ld00xwmon.jpg,0.00042018582462333143,0.9994176626205444,0.00016213346680160612
id_9llets503b.jpg,0.00425074202939868,0.01173135545104742,0.9840179085731506
id_9m34n8cvbl.jpg,0.9661092758178711,0.030370565131306648,0.003520096419379115
id_9mgzx3qt4q.jpg,0.002955717733129859,0.8697061538696289,0.12733808159828186
id_9mv2eydufl.jpg,0.012668856419622898,0.025872739031910896,0.9614585041999817
id_9rvnit4tfg.jpg,0.05846313014626503,0.012210712768137455,0.9293261170387268
id_9ttxex3x1n.jpg,0.3836231231689453,0.034290581941604614,0.5820863246917725
id_9tv6ronz0p.jpg,0.02097121998667717,0.16918231546878815,0.8098464608192444
id_9u0y2bplx6.jpg,0.0003094669373240322,5.142089503351599e-05,0.9996390342712402
id_9ur6z0mqjz.jpg,0.0017626362387090921,0.04070238769054413,0.957534909248352
id_9vblo6pawj.jpg,0.0023919539526104927,0.9829390048980713,0.014669056981801987
id_9w55e1oeq0.jpg,0.18162429332733154,0.09574448317289352,0.7226312756538391
id_9w8geyv8cu.jpg,0.02764478512108326,0.9718623161315918,0.0004928731359541416
id_9wlo4kff0i.jpg,0.006650067865848541,0.9930320978164673,0.0003177881008014083
id_9x4ntjf2eh.jpg,0.02484062872827053,0.6936695575714111,0.281489759683609
id_9z91cgtyhs.jpg,0.003857637057080865,0.01746559329330921,0.9786767959594727
id_9zrgq5uefl.jpg,0.012149878777563572,0.9659698605537415,0.02188020758330822
id_a0ts2x3lsv.jpg,0.005986371077597141,0.9914366602897644,0.0025769290514290333
id_a1p9xlqr38.jpg,0.0007583377882838249,0.9986398816108704,0.000601828214712441
id_a1zi5dpo4s.jpg,0.00893727969378233,0.9713114500045776,0.019751213490962982
id_a5eboqjxsk.jpg,0.003491450333967805,0.9953893423080444,0.0011192022357136011
id_a9m30sts7b.jpg,0.0041658333502709866,0.8097882866859436,0.18604585528373718
id_a9ry0a9y9q.jpg,0.0022690878249704838,0.9957106113433838,0.0020203501917421818
id_abd0ket6gk.jpg,0.009852939285337925,0.2348911613225937,0.755255937576294
id_abfj1weg4d.jpg,0.018730735406279564,0.00024008860054891557,0.981029212474823
id_act04m6s7j.jpg,0.994940996170044,0.0024484440218657255,0.002610695781186223
id_adungoii3n.jpg,0.9922659993171692,0.00046528285020031035,0.007268783636391163
id_ah065qab4g.jpg,0.9993131160736084,0.00039084875606931746,0.0002959726261906326
id_ahlsbyn84z.jpg,0.0006951417890377343,0.9989138841629028,0.00039093467057682574
id_aj2mhyiljl.jpg,0.004291692283004522,0.48402395844459534,0.5116843581199646
id_ajrr2ffz45.jpg,0.0017007853602990508,0.0050303516909480095,0.9932687878608704
id_ak7by8s6xx.jpg,0.9997779726982117,3.7929774407530203e-05,0.00018409221956972033
id_akgn1czug4.jpg,0.2741227447986603,0.4795185923576355,0.24635867774486542
id_almuemp2a0.jpg,0.00014668072981294245,0.9968370199203491,0.0030162890907377005
id_amrw6zrz3c.jpg,0.0019784399773925543,7.084092794684693e-05,0.9979508519172668
id_an9lszlckm.jpg,0.021011732518672943,0.9335415959358215,0.045446623116731644
id_aoixbpjvvq.jpg,0.004179525654762983,0.9859740138053894,0.009846420027315617
id_apl5hbz964.jpg,0.21833500266075134,0.03097815439105034,0.750686764717102
id_apmoqofvcn.jpg,0.0005296741146594286,0.9986053109169006,0.0008650770760141313
id_aprrkmjoli.jpg,0.13969236612319946,0.005440826993435621,0.8548667430877686
id_ark2usd7u8.jpg,0.07939564436674118,0.09694688022136688,0.8236575722694397
id_arsg8nwnez.jpg,0.0022365422919392586,0.00028422579634934664,0.997479259967804
id_askxpsiynp.jpg,0.01815403811633587,0.9804260730743408,0.0014198413118720055
id_at5zd8zdot.jpg,0.009714547544717789,0.9748296737670898,0.015455769374966621
id_au351ozt0u.jpg,0.006565109360963106,0.98382967710495,0.009605214931070805
id_aubznv8khr.jpg,0.509565532207489,0.01089488249272108,0.47953954339027405
id_avn1ejzmvs.jpg,0.00476701557636261,0.05734913423657417,0.9378839135169983
id_avo9syteav.jpg,0.00036244106013327837,0.9993904829025269,0.00024707094416953623
id_avp0xvzsef.jpg,0.9999074935913086,1.2104736924811732e-05,8.037868974497542e-05
id_avy4f1aml0.jpg,0.05020058527588844,0.9440186023712158,0.005780826322734356
id_aw9y79nutx.jpg,0.0014735936420038342,0.000962132413405925,0.9975641965866089
id_axlte8dtxc.jpg,0.21817533671855927,0.012193982489407063,0.7696306705474854
id_ay3hzdsf41.jpg,0.04716036468744278,0.236444890499115,0.7163947820663452
id_b15h3wr363.jpg,0.9998255372047424,8.238461305154487e-05,9.217747719958425e-05
id_b19jeif9q2.jpg,0.007242870517075062,0.010399901308119297,0.9823571443557739
id_b38ee2otk3.jpg,0.0007487605907954276,0.0003012660308741033,0.9989499449729919
id_b4m778w81r.jpg,0.0005154496757313609,0.9947730898857117,0.004711453802883625
id_b5fn6xymr7.jpg,0.00028974327142350376,0.9985949397087097,0.001115263788960874
id_b68zqqxb16.jpg,0.14037498831748962,0.8315995931625366,0.028025368228554726
id_b6guqa4jqp.jpg,0.011849934235215187,0.9828603863716125,0.005289684049785137
id_b9l1y6pkri.jpg,0.0015590001130476594,0.9892088770866394,0.009232085198163986
id_bazikoi5h9.jpg,0.00010622675472404808,0.9989697933197021,0.000924039981327951
id_bb91jp6pg4.jpg,0.0015467737102881074,0.001211819238960743,0.9972413778305054
id_bc5p9me7ku.jpg,0.0015438349219039083,0.9981169700622559,0.0003392647486180067
id_bce4iyojch.jpg,0.007199674844741821,0.992660641670227,0.00013967246923130006
id_bekoxyehov.jpg,0.030736137181520462,0.9605123996734619,0.008751429617404938
id_bgj44bvut4.jpg,0.002007942646741867,0.996396005153656,0.0015961084282025695
id_bkrke3vo57.jpg,0.07937312871217728,0.9197571277618408,0.0008696984150446951
id_blscjxidu6.jpg,0.40666642785072327,0.2978205680847168,0.29551300406455994
id_blx62wltrk.jpg,0.9954090714454651,0.0029711599927395582,0.001619781949557364
id_bmir6gcods.jpg,0.0009273781906813383,0.9929491281509399,0.006123501807451248
id_bmwp4rr84y.jpg,0.0012726360000669956,0.9980294108390808,0.000697994779329747
id_bnyrssm9kj.jpg,0.0813010111451149,0.01410046499222517,0.9045985341072083
id_borot9b0dn.jpg,0.027212997898459435,0.962497889995575,0.010289113037288189
id_bouwtc3thv.jpg,0.00824981089681387,0.9376896023750305,0.05406055599451065
id_bpy1vkc436.jpg,0.02359841950237751,0.004970322363078594,0.9714312553405762
id_bq60p3aqo8.jpg,0.9130848050117493,0.001267396961338818,0.08564777672290802
id_bs01v3crns.jpg,0.0014961326960474253,0.9931032657623291,0.005400685593485832
id_bs0rwp1kmc.jpg,0.000595111574511975,0.9959084987640381,0.003496357472613454
id_btc44m5ven.jpg,0.020692529156804085,0.9705439209938049,0.008763564750552177
id_btipo9ojnr.jpg,0.020606571808457375,0.9702745079994202,0.009118901565670967
id_bucgp90ug4.jpg,0.013543983921408653,0.27833643555641174,0.7081195712089539
id_bun8uetq9r.jpg,0.00865775067359209,0.9903698563575745,0.0009724409901537001
id_bx77h99p3j.jpg,0.9973576664924622,0.0015067688655108213,0.0011356021277606487
id_bxgijj96cq.jpg,0.03685857355594635,0.16492417454719543,0.798217236995697
id_by3qnznp3v.jpg,0.9999258518218994,6.973606650717556e-05,4.3624463614833076e-06
id_bybbtlbxoo.jpg,0.1508169025182724,0.7033987641334534,0.14578428864479065
id_byyn5oxwj8.jpg,0.06847210228443146,0.9191330075263977,0.012394936755299568
id_c0atby9mg0.jpg,0.005460813175886869,0.2112501710653305,0.7832890748977661
id_c0iobr5lyv.jpg,0.5434918999671936,0.29686322808265686,0.15964485704898834
id_c30q46dzkg.jpg,0.6383984684944153,0.3456236720085144,0.01597786322236061
id_c3p4zaeafj.jpg,0.04862581565976143,0.6397917866706848,0.31158238649368286
id_c3x8zs9kh3.jpg,0.8157298564910889,0.07431846112012863,0.10995171964168549
id_c6r902u1yc.jpg,0.007614152505993843,0.0012356992810964584,0.9911502599716187
id_c8ccb7p1ny.jpg,0.001164161367341876,0.9840972423553467,0.014738677069544792
id_c8zqlaoscm.jpg,0.00036725422251038253,6.380801642080769e-05,0.9995689988136292
id_c996aefk2b.jpg,0.19669698178768158,0.7968139052391052,0.006489084102213383
id_ca1ulb7phu.jpg,0.020698701962828636,0.9639630317687988,0.015338237397372723
id_carqo16fzo.jpg,0.016756748780608177,0.9824792146682739,0.0007640497060492635
id_cbrq69l0b7.jpg,0.0011357287876307964,0.004873600322753191,0.9939906597137451
id_cc26n7gl0l.jpg,0.0016045208321884274,0.2478490024805069,0.7505464553833008
id_cdf888g19t.jpg,0.25958284735679626,0.723235011100769,0.01718217320740223
id_cdphzwxh66.jpg,0.024731706827878952,0.9727107882499695,0.002557569183409214
id_cguvv909pj.jpg,0.018116232007741928,0.006585769355297089,0.9752979874610901
id_cho3e7kmmf.jpg,0.0006940967286936939,0.9981391429901123,0.001166693982668221
id_chyxorazcg.jpg,0.000885600398760289,0.001587032456882298,0.9975274205207825
id_cl2tro0krc.jpg,0.008502861484885216,0.08446915447711945,0.9070280194282532
id_cmo5mn34bk.jpg,0.005107291508466005,0.990591824054718,0.004300917964428663
id_cmz1pqyyqa.jpg,0.008640334010124207,0.9188847541809082,0.07247499376535416
id_cntxv782n4.jpg,0.3131282329559326,4.963888568454422e-05,0.6868221163749695
id_cqbm5ybp7n.jpg,0.0037329227197915316,0.9612789154052734,0.0349881611764431
id_cr4pbofie3.jpg,0.011282792314887047,0.015447410754859447,0.9732698798179626
id_cs7276ypgk.jpg,0.016554951667785645,0.007093569729477167,0.9763514995574951
id_csvb9gfj1x.jpg,0.0050318120047450066,0.19883021712303162,0.7961380481719971
id_cvoa3cg9ts.jpg,0.01936943829059601,0.9746425151824951,0.005987982731312513
id_cx1pdelwqg.jpg,0.12048572301864624,0.7479286789894104,0.13158564269542694
id_cx89v8zdf5.jpg,0.889141321182251,0.051362618803977966,0.059496041387319565
id_cxbujzrztd.jpg,0.008719104342162609,0.953413188457489,0.03786763176321983
id_cyxg6svpq1.jpg,0.013692322187125683,0.9842975735664368,0.0020100753754377365
id_cyzjic2qj0.jpg,0.21979843080043793,0.2557007074356079,0.524500846862793
id_cz5uxriepb.jpg,0.008521216921508312,0.9902731776237488,0.0012056335108354688
id_d1gzo6e0hj.jpg,0.06306306272745132,0.0215774979442358,0.9153594970703125
id_d2uwba98h4.jpg,0.2709755599498749,0.19256840646266937,0.5364560484886169
id_d3cjyfbkie.jpg,7.217541860882193e-05,0.9990899562835693,0.000837929779663682
id_d6qf53mzm2.jpg,0.0031971761491149664,0.9930182695388794,0.0037846211344003677
id_d74qdjo8h9.jpg,0.0039450377225875854,0.8978466391563416,0.09820837527513504
id_d7c0hi3hwf.jpg,0.0014408506685867906,0.9910517334938049,0.007507375907152891
id_d9xcc459wg.jpg,0.024589285254478455,0.9279042482376099,0.047506462782621384
id_daklqs117p.jpg,0.07891598343849182,0.7156260013580322,0.20545804500579834
id_dblple11hr.jpg,0.8730371594429016,0.10773608833551407,0.019226806238293648
id_ddmx12ft9u.jpg,0.019208597019314766,0.011357140727341175,0.9694343209266663
id_ddrsh911b6.jpg,0.027135858312249184,0.9716695547103882,0.0011945602018386126
id_del50nmcl7.jpg,0.04618186503648758,0.8840755224227905,0.06974265724420547
id_detmragq4s.jpg,0.15173016488552094,0.840964138507843,0.00730566680431366
id_di6wafk673.jpg,0.00040223178802989423,0.9971477389335632,0.00245007686316967
id_dibgx1qvt2.jpg,0.0030878502875566483,0.9834181666374207,0.013493949547410011
id_dj3f1qlo8i.jpg,0.001379715627990663,0.9815137982368469,0.01710646227002144
id_djuswm9bh4.jpg,0.029780087992548943,0.005938611458986998,0.9642813205718994
id_dkbp68fw0g.jpg,0.08561402559280396,0.06846608966588974,0.8459198474884033
id_dmxy8ool65.jpg,0.5136128664016724,0.007214575074613094,0.47917258739471436
id_dn8sz7kp6g.jpg,0.9863195419311523,0.00635237991809845,0.007328089326620102
id_do5ngonibi.jpg,0.0027882892172783613,0.09435591101646423,0.9028557538986206
id_dqoccypgid.jpg,0.03522605076432228,0.8531392216682434,0.1116347685456276
id_drqjqdgwbr.jpg,0.002779431641101837,0.00041923957178369164,0.9968013763427734
id_drx0i4qjoo.jpg,0.004923721309751272,0.9883614182472229,0.006714847404509783
id_dsbrupm1cr.jpg,0.0009798338869586587,0.9982446432113647,0.0007755020633339882
id_dswv82x2xn.jpg,0.0017655100673437119,0.9903259873390198,0.007908475585281849
id_dtkyk51t7d.jpg,0.007876594550907612,0.9713717103004456,0.020751621574163437
id_duo0yh6v3g.jpg,0.008654830977320671,0.2924499809741974,0.6988951563835144
id_dvcbb85xlr.jpg,0.001652474980801344,0.9979799389839172,0.0003676525375340134
id_dvr5tk922c.jpg,0.024273471906781197,0.8621217012405396,0.113604836165905
id_dvrwax0ptk.jpg,0.14321866631507874,0.3052176535129547,0.5515637397766113
id_dz5g9suhtw.jpg,0.9870009422302246,1.6064781448221765e-05,0.012982923537492752
id_e0qlh51fu9.jpg,0.021243644878268242,0.9731830358505249,0.005573366768658161
id_e1jrl8ckio.jpg,0.013384184800088406,0.9228841662406921,0.06373166292905807
id_e1prlfbkna.jpg,0.00447493651881814,0.007290889509022236,0.9882341623306274
id_e2b4bad2fs.jpg,0.06694384664297104,0.0004918074700981379,0.9325643181800842
id_e2cqw2vllh.jpg,0.4280169904232025,0.10514015704393387,0.4668428301811218
id_e2rjq3xl4b.jpg,0.0007564367260783911,0.0008884466369636357,0.9983550906181335
id_e4id92jojc.jpg,0.004683786071836948,0.9941973686218262,0.0011187803465873003
id_e5xd02ur86.jpg,0.0009238817729055882,0.9983726143836975,0.000703533529303968
id_e652ocdak4.jpg,0.06355294585227966,0.9344894289970398,0.0019576644990593195
id_e6k39e88b4.jpg,0.000660385238006711,0.9989743232727051,0.0003652939049061388
id_e7gc2uew96.jpg,0.12909647822380066,0.0019252984784543514,0.8689782023429871
id_e88h986b7j.jpg,0.005688575562089682,0.9617533683776855,0.03255804628133774
id_e8vij3aomx.jpg,0.26927027106285095,0.5132972598075867,0.21743249893188477
id_e9uh1mx5x6.jpg,0.0005530694033950567,0.005170045420527458,0.9942769408226013
id_ecvgtyw1zc.jpg,0.0025911449920386076,0.011527396738529205,0.9858814477920532
id_edfet6aiir.jpg,0.9132178425788879,0.07724393159151077,0.00953827053308487
id_efcc8cqlws.jpg,0.9982649683952332,0.00021296273916959763,0.0015220096101984382
id_efjpvf6ooh.jpg,0.8968949913978577,0.013880336657166481,0.08922460675239563
id_eg1tfifjeq.jpg,0.02621563896536827,0.5171142816543579,0.4566700756549835
id_egxnoy01ts.jpg,0.07231273502111435,0.003234652802348137,0.924452543258667
id_ei7966665t.jpg,0.2738981544971466,0.7222087979316711,0.0038930452428758144
id_eimc4saxzn.jpg,0.8669630885124207,0.1326727271080017,0.00036422282573767006
id_ejcg1mhr5c.jpg,0.11379016190767288,0.07459040731191635,0.8116194605827332
id_el7ue70uej.jpg,0.006916494108736515,0.9806836247444153,0.01239987462759018
id_emeryr8qky.jpg,0.008522721007466316,0.9828123450279236,0.008664879016578197
id_enpt3c9mep.jpg,0.00039827730506658554,1.2776300536643248e-05,0.9995890259742737
id_ep446lk61d.jpg,0.007875771261751652,0.1548576056957245,0.8372665643692017
id_esdbbgwidn.jpg,0.998701810836792,0.0002976509858854115,0.00100058747921139
id_etfht8f6a2.jpg,0.004328095819801092,0.00015158893074840307,0.9955203533172607
id_ewak96titm.jpg,0.0053488933481276035,0.9922400712966919,0.0024110765662044287
id_exbcejid16.jpg,0.003737576073035598,0.99118971824646,0.0050726719200611115
id_exx29m2f5j.jpg,0.0027740884106606245,0.996211051940918,0.0010149192530661821
id_exyqtbcoxl.jpg,0.16060055792331696,0.8362669348716736,0.0031324559822678566
id_eyen48qlhc.jpg,0.4718422293663025,0.5145270228385925,0.01363074779510498
id_ezkj6zgrre.jpg,0.000625715940259397,1.6922345821512863e-05,0.9993574023246765
id_f0rirecsn9.jpg,0.8422062397003174,0.05406377092003822,0.10373000055551529
id_f24poeux0q.jpg,5.144902752363123e-05,0.999846339225769,0.00010218598617939278
id_f26ltr4l28.jpg,0.005382790230214596,0.9829704761505127,0.011646785773336887
id_f3vj2zfokq.jpg,0.699779748916626,0.2734452486038208,0.026774972677230835
id_f47g7y9ot2.jpg,0.8026499152183533,0.08619055151939392,0.11115952581167221
id_f4fi9o3le6.jpg,0.003532844129949808,0.00919441320002079,0.9872726798057556
id_f5adctkdqm.jpg,0.16315126419067383,0.0066580381244421005,0.8301905989646912
id_f6337bv7g3.jpg,0.001263551996089518,0.9951924085617065,0.0035440034698694944
id_f6gpnjnflw.jpg,0.9926074743270874,0.0030066119506955147,0.004385915119200945
id_f7sd78r9w0.jpg,0.03845721110701561,0.0969015434384346,0.8646411895751953
id_f7u2i6v3p1.jpg,0.0025244171265512705,0.9416623711585999,0.0558132529258728
id_f8omw0t1gf.jpg,0.704728364944458,0.29324397444725037,0.002027640352025628
id_f94x3kmvyu.jpg,0.11859244108200073,0.028113411739468575,0.8532940745353699
id_f9wa31xwh0.jpg,0.0006449705688282847,0.9966368675231934,0.0027180793695151806
id_f9xzi2577a.jpg,0.027132822200655937,0.0006774784415028989,0.972189724445343
id_fae51s7h45.jpg,0.012285005301237106,0.9751470685005188,0.012567912228405476
id_falxfhtpdw.jpg,0.00022509224072564393,0.9975985884666443,0.002176306676119566
id_fdal71yl52.jpg,0.002787151141092181,0.0003141738416161388,0.9968986511230469
id_ffs12vyhkw.jpg,0.0003325016296003014,0.9995648264884949,0.00010267173638567328
id_fg13uzygdz.jpg,0.30070585012435913,0.006673400290310383,0.6926206946372986
id_fgedgzq6ev.jpg,0.00040477971197105944,0.0009555780561640859,0.9986396431922913
id_fi9cn5vrtj.jpg,0.005221752915531397,0.003782370826229453,0.9909959435462952
id_fiqduhapcz.jpg,0.0035725899506360292,0.04450320452451706,0.9519241452217102
id_fj1r8bdghm.jpg,0.9705679416656494,0.01374853029847145,0.01568358764052391
id_fj7md3zas2.jpg,0.06640450656414032,0.9106056094169617,0.02298988588154316
id_fkkb5dcuig.jpg,0.00329387653619051,0.9900109171867371,0.00669522350654006
id_fl3t3nfzml.jpg,0.9972125887870789,4.2140152800129727e-05,0.002745299367234111
id_fo95m3q1x7.jpg,0.0010063747176900506,0.9973064661026001,0.0016872051637619734
id_fq6blx7mhi.jpg,0.9999128580093384,9.616685929358937e-06,7.747733616270125e-05
id_fqj7ulkrw7.jpg,0.3711928427219391,0.006613471079617739,0.6221936941146851
id_fqq8i9eaqq.jpg,0.001082560047507286,0.0005062324344180524,0.9984111785888672
id_fr37b0ekxk.jpg,0.19528107345104218,0.003070495091378689,0.8016484379768372
id_fse2430d0l.jpg,0.0010162487160414457,0.9972226619720459,0.0017610907088965178
id_fsybyty8h5.jpg,0.10996614396572113,0.8113431334495544,0.07869073748588562
id_fusrwqj2hq.jpg,0.014991560950875282,0.08711127936840057,0.8978970646858215
id_fvpfi4xmot.jpg,0.0003040115116164088,0.9849866032600403,0.014709332957863808
id_fxphky513b.jpg,0.004170429427176714,0.03505385294556618,0.9607757329940796
id_fzpcrlzhul.jpg,0.31785711646080017,0.09023701399564743,0.5919058918952942
id_g1eq7wvrt8.jpg,0.0022589080035686493,0.9958128333091736,0.0019282200373709202
id_g3xn35cghp.jpg,0.0018498041899874806,0.00020897973445244133,0.9979411959648132
id_g4ug9vqbd5.jpg,0.0265320036560297,0.9723486304283142,0.0011193989776074886
id_gb596fx9gc.jpg,0.006190494168549776,0.0034745116718113422,0.9903349876403809
id_gbmfakbcdl.jpg,0.022342650219798088,0.03546703979372978,0.9421903491020203
id_gexbz8xbbp.jpg,0.04471798613667488,0.015687528997659683,0.9395944476127625
id_gfg2gev6my.jpg,0.003648732090368867,0.9650726318359375,0.031278714537620544
id_gfktmz0qeh.jpg,0.9999576807022095,1.381001766276313e-05,2.852026591426693e-05
id_gjloe548h5.jpg,0.001623935648240149,0.012373920530080795,0.9860020875930786
id_gkzx64iwyd.jpg,0.0016248394967988133,0.9981762170791626,0.0001989721495192498
id_gmgxcrq2t7.jpg,0.11925935745239258,0.7457734942436218,0.1349671483039856
id_gnl5bn3rn6.jpg,0.033145200461149216,0.008904848247766495,0.9579499959945679
id_goucryjdwq.jpg,0.027987057343125343,0.08998548984527588,0.8820273876190186
id_gp4vo6ez94.jpg,0.07241545617580414,0.9044353365898132,0.023149214684963226
id_gq1466j51f.jpg,0.06681304425001144,0.8751209378242493,0.0580659918487072
id_gqqyudghzn.jpg,0.0008291739504784346,0.9975946545600891,0.0015762059483677149
id_gqwmw1xp1u.jpg,0.8383450508117676,0.015112929046154022,0.146542027592659
id_gsdskbip59.jpg,0.01769479364156723,0.594330370426178,0.3879748582839966
id_gse4bshs1a.jpg,0.9997652173042297,3.875924085150473e-05,0.00019604398403316736
id_gsplbfqt1e.jpg,0.009830214083194733,0.9735008478164673,0.016668973490595818
id_gv448jdur1.jpg,0.0020284138154238462,0.007001963909715414,0.9909695982933044
id_h283ew9pks.jpg,0.013168836012482643,0.005381945986300707,0.9814493060112
id_h2i1p2cyli.jpg,0.0008779285126365721,0.9974429607391357,0.0016791222151368856
id_h317b8qvv6.jpg,0.0010153682669624686,0.0007598681841045618,0.998224675655365
id_h35g3ky6pr.jpg,0.9058125019073486,0.0038558277301490307,0.09033175557851791
id_hc8iljg6yo.jpg,0.0046361396089196205,0.9914247989654541,0.003939010668545961
id_hcmn4gh7z6.jpg,0.0015035222750157118,0.9983204007148743,0.00017602277512196451
id_hcsn3irehh.jpg,0.0015118441078811884,0.99146568775177,0.007022496312856674
id_hfa3z6tgwk.jpg,0.9744073748588562,0.0052500502206385136,0.02034253627061844
id_hfe19yb7ej.jpg,0.0019126322586089373,0.9829771518707275,0.015110202133655548
id_hgdbjm7371.jpg,0.8463388085365295,0.15309691429138184,0.0005642871255986392
id_hi22zpzttf.jpg,0.3994646668434143,0.5871166586875916,0.013418604619801044
id_higuw25bka.jpg,0.04123914614319801,0.12143173068761826,0.837329089641571
id_hiht8zpw6y.jpg,0.008399118669331074,0.9346333146095276,0.05696754902601242
id_hni7m73rw2.jpg,0.07442760467529297,0.18142661452293396,0.7441457509994507
id_hnqkt8oxu2.jpg,0.002332888776436448,0.9974027276039124,0.00026438056374900043
id_hoex385mr8.jpg,0.9993384480476379,5.054162102169357e-05,0.0006109747919254005
id_hrn0dpvzrd.jpg,0.9992647767066956,0.0002984306192956865,0.00043683775584213436
id_hruzjdkra1.jpg,0.00031016100547276437,0.9995430707931519,0.00014676517457701266
id_hssgsuxl0q.jpg,0.002719840733334422,0.9966827034950256,0.0005974851665087044
id_htx4azs6ls.jpg,0.0035112558398395777,0.9952397346496582,0.0012489788932725787
id_hudg4kgstg.jpg,0.12105689197778702,0.0031835215631872416,0.8757595419883728
id_hup2etcyum.jpg,0.0019158831564709544,0.016245923936367035,0.9818381071090698
id_hwhrkqdxjz.jpg,0.002150809857994318,0.0004995801136828959,0.9973496198654175
id_hwm1vf4ddd.jpg,0.000983950449153781,0.000157179863890633,0.9988589286804199
id_i1gmtoe1h9.jpg,0.0037513936404138803,0.012693731114268303,0.9835548996925354
id_i2sksjcifv.jpg,0.019208597019314766,0.011357140727341175,0.9694343209266663
id_i3fsnogh5m.jpg,0.0038539813831448555,0.005485275760293007,0.9906607270240784
id_i4nn7mnpus.jpg,0.001702897367067635,0.9894579648971558,0.008839079178869724
id_i5abphac7v.jpg,0.0004022873763460666,0.9979890584945679,0.0016086009563878179
id_i6c9umw8sn.jpg,0.7327470183372498,0.028524015098810196,0.23872895538806915
id_i6rzq0vi43.jpg,0.24229063093662262,0.7358220219612122,0.021887315437197685
id_i81ayuiv6u.jpg,0.9997219443321228,3.5644377931021154e-05,0.0002424367849016562
id_i8eoisybxv.jpg,0.00022560099023394287,0.999650239944458,0.0001242010184796527
id_ianx9b8tiy.jpg,0.0007538800709880888,0.9808652997016907,0.018380871042609215
id_iap17yol68.jpg,0.9992285966873169,6.313611083896831e-05,0.0007082278025336564
id_ibhb4afjv9.jpg,0.9999845027923584,2.587064727777033e-06,1.2883148883702233e-05
id_idptvpe36v.jpg,0.7633382081985474,0.22112007439136505,0.015541719272732735
id_ifboregp9u.jpg,0.008371823467314243,0.9900156855583191,0.00161251041572541
id_ifqwwkaiei.jpg,0.000855004764162004,0.9965298771858215,0.0026151842903345823
id_igdfxxyfsu.jpg,0.0014532002387568355,0.9964348077774048,0.0021120025776326656
id_ih5nvehfkl.jpg,0.017031371593475342,0.4961070120334625,0.48686161637306213
id_ii2y55xu9u.jpg,0.01499220635741949,0.9791575074195862,0.005850294139236212
id_iihyl0w2dk.jpg,0.004290498327463865,0.9855366349220276,0.01017286442220211
id_iizqm4nkxh.jpg,0.9987648725509644,0.0009507834911346436,0.00028426662902347744
id_ikihlt6xjs.jpg,0.0009017764241434634,0.9986045956611633,0.0004937010235153139
id_im66qymqnu.jpg,0.04066324234008789,0.8626437783241272,0.09669297933578491
id_immgoa1u25.jpg,0.02141513302922249,0.9631267786026001,0.01545802690088749
id_inoi7ud9bt.jpg,0.00028717052191495895,0.0001712818630039692,0.9995416402816772
id_inox4crld4.jpg,0.008152399212121964,0.01438408438116312,0.9774635434150696
id_ioeltwwdfm.jpg,0.999349057674408,0.00019122674711979926,0.0004597395600285381
id_iom63fwkpf.jpg,0.01095939427614212,0.0664820596575737,0.9225585460662842
id_ipaerj0ehn.jpg,0.0008356585167348385,0.9954022169113159,0.003762073814868927
id_ipwqvv84dt.jpg,0.04929077997803688,0.6574633121490479,0.29324591159820557
id_irm15i7xl5.jpg,0.0007984305266290903,0.9968972206115723,0.002304358873516321
id_irv1v3m76m.jpg,0.005351152736693621,3.3352825994370505e-05,0.9946154952049255
id_iryz97ll9y.jpg,0.003370081540197134,0.9915191531181335,0.005110792815685272
id_isyh6ku6sl.jpg,0.9585599303245544,0.0008261784678325057,0.040613967925310135
id_it0rzf0hgx.jpg,0.13229936361312866,0.04773809760808945,0.8199624419212341
id_it6sxlhgr4.jpg,0.0020472374744713306,0.00035772056435234845,0.9975950121879578
id_itzrgxgyio.jpg,0.00023059954401105642,0.9995179176330566,0.00025152761372737586
id_ivjhsm7cz3.jpg,0.5780730247497559,0.11887624859809875,0.3030507266521454
id_iwh76wfcek.jpg,0.020116664469242096,0.06882152706384659,0.9110618233680725
id_iwvfcymq9k.jpg,0.9131190180778503,0.048106081783771515,0.03877491131424904
id_ixohx0x7fx.jpg,0.999322772026062,0.00012399170373100787,0.0005531893693841994
id_iz5cbv0k1r.jpg,9.090800449484959e-05,0.9998137354850769,9.541507461108267e-05
id_j13u6s5efv.jpg,0.0623227022588253,0.8886597752571106,0.049017492681741714
id_j24l5grdx8.jpg,0.01144408993422985,0.984699547290802,0.003856351599097252
id_j3568trarc.jpg,0.053096264600753784,0.8794841766357422,0.06741953641176224
id_j770ua3qw3.jpg,0.05593569204211235,0.9047473073005676,0.03931695595383644
id_j9vqx1xxjd.jpg,0.01045983750373125,0.002373947063460946,0.9871662259101868
id_jat5ystlf4.jpg,0.0019000296015292406,0.9979208111763,0.0001792092516552657
id_jbo4bwxjyv.jpg,0.0002813339524436742,0.9924440979957581,0.00727459229528904
id_jc7x3u6jzq.jpg,0.008357735350728035,0.9843847751617432,0.007257528603076935
id_jcld4apors.jpg,0.0035094437189400196,0.008307059295475483,0.9881835579872131
id_jdgto3xkkw.jpg,0.052526846528053284,0.24254749715328217,0.7049256563186646
id_jf35ye8yyu.jpg,0.025758380070328712,0.0073408447206020355,0.9669008255004883
id_jg82ghmuqk.jpg,0.005384061485528946,0.2176167070865631,0.7769992351531982
id_ji9d6406fm.jpg,0.011558158323168755,0.917630672454834,0.0708111971616745
id_jir9ukg4k6.jpg,0.6445046663284302,0.031755995005369186,0.32373932003974915
id_jl0zs4392j.jpg,0.8323755860328674,0.04364854097366333,0.12397585064172745
id_jmug08j2dx.jpg,0.879209578037262,0.056594010442495346,0.06419644504785538
id_joluroir8v.jpg,0.027288252487778664,0.003552838694304228,0.9691588878631592
id_jpzdade8hn.jpg,0.0017696841387078166,0.9920352101325989,0.00619508046656847
id_jq20cab2em.jpg,0.02110353484749794,0.9589092135429382,0.019987180829048157
id_jt6ejdwsaa.jpg,0.0022365159820765257,0.93412846326828,0.06363503634929657
id_jtfnfvf2qv.jpg,0.2815265655517578,0.6502534747123718,0.06821997463703156
id_jtz76x52jp.jpg,0.460370272397995,0.02477831020951271,0.5148513317108154
id_jva140h7wl.jpg,0.012016314081847668,0.010800515301525593,0.9771831035614014
id_jyt1do8d3r.jpg,0.0006803095457144082,0.9985727071762085,0.00074701604899019
id_jz5v7tbbo5.jpg,0.0010610839817672968,0.9696637988090515,0.02927512302994728
id_jzw08xfv6p.jpg,0.9997957348823547,5.574045644607395e-06,0.00019868050003424287
id_k06dsv2byl.jpg,0.007493598386645317,0.9850718379020691,0.00743458466604352
id_k137xcbea9.jpg,0.013167113997042179,0.9806744456291199,0.006158437579870224
id_k1647qf4se.jpg,0.9772593975067139,0.012129790149629116,0.010610796511173248
id_k1ple8xw7k.jpg,0.0943477600812912,0.675254225730896,0.2303980439901352
id_k286pi6nmr.jpg,0.0287088081240654,0.0008962040883488953,0.970395028591156
id_k4d4kbx7yh.jpg,0.0011549352202564478,0.9978278279304504,0.0010172583861276507
id_k5akvyy5h9.jpg,0.07294298708438873,0.8252280354499817,0.101828932762146
id_k64822af5l.jpg,0.2729477286338806,0.7203630805015564,0.006689179688692093
id_k67n77588b.jpg,0.001967048505321145,0.9761813879013062,0.02185150794684887
id_k7eur6kpbx.jpg,0.025521714240312576,0.18498830497264862,0.7894900441169739
id_k8jmmhh99t.jpg,0.012719901278614998,0.023072917014360428,0.9642071723937988
id_k8knp8lm11.jpg,0.0015669605927541852,0.9974575638771057,0.00097546202596277
id_k8ldaf6iji.jpg,0.0017836564220488071,0.9980618357658386,0.00015448378690052778
id_k9u4k0s7zw.jpg,0.04339972138404846,0.2273734211921692,0.72922682762146
id_kac6myb4rp.jpg,0.002869822783395648,0.9932102560997009,0.003919985610991716
id_kagc4maon9.jpg,0.004589152056723833,0.004234241787344217,0.9911766052246094
id_kcxpnf02ra.jpg,0.0008292034617625177,0.9881305694580078,0.01104019396007061
id_kd37zpjtqn.jpg,0.013399741612374783,0.001111745135858655,0.9854885935783386
id_kddeefsm3e.jpg,0.0015301825478672981,0.9880812168121338,0.010388538241386414
id_kdnmofmnkg.jpg,0.022946741431951523,0.967194676399231,0.009858579374849796
id_kegjaspgx8.jpg,0.006312492303550243,0.002323692897334695,0.9913638830184937
id_keiqprscwm.jpg,0.05395563691854477,0.25886446237564087,0.6871799826622009
id_kez0xk5n6x.jpg,0.07937659323215485,0.012168589048087597,0.9084547758102417
id_kg4zhrp0l8.jpg,0.0025005561765283346,0.9969556331634521,0.0005438447115011513
id_kgmhntdh16.jpg,0.0007974934997037053,0.0011030696332454681,0.9980993866920471
id_khqae1m4o6.jpg,0.20145314931869507,0.7799345850944519,0.018612265586853027
id_kidt6ecu2q.jpg,0.004693775437772274,0.9940733313560486,0.0012328717857599258
id_kj5t8u1bo4.jpg,0.0002604476176202297,3.560555342119187e-06,0.9997360110282898
id_kj9trdlawq.jpg,0.02255956642329693,0.5147649049758911,0.4626755118370056
id_kjjjs4s0wb.jpg,0.004103947896510363,0.9946213960647583,0.0012746179709210992
id_kkhk81dpbq.jpg,0.0003735953359864652,0.9963374137878418,0.0032890501897782087
id_kkr3bzscyw.jpg,0.07379979640245438,0.8913325667381287,0.03486763685941696
id_klh92u4wji.jpg,0.0031137890182435513,0.9940170049667358,0.0028692299965769053
id_kn9xftvrnn.jpg,0.006817502900958061,0.9899661540985107,0.00321636232547462
id_knzf9k8t6z.jpg,0.0006763225537724793,0.9992269277572632,9.674573811935261e-05
id_kor62boy63.jpg,0.00527429161593318,0.9905390739440918,0.004186615347862244
id_kp1oc62sv6.jpg,0.0002610463125165552,0.9995402097702026,0.00019878263992723078
id_kphfc1xvjm.jpg,0.04796064645051956,0.30335575342178345,0.6486835479736328
id_kps04br8xx.jpg,0.7489058971405029,0.07778827100992203,0.17330585420131683
id_kr4micn1pa.jpg,0.010852990671992302,0.0003873842069879174,0.9887596368789673
id_krdrytjgoq.jpg,0.9995985627174377,9.560460057400633e-06,0.00039188616210594773
id_ksr4ggwh8f.jpg,0.009831317700445652,0.0007716637919656932,0.9893969297409058
id_ktg97eo3b7.jpg,0.11990153789520264,0.8566433191299438,0.0234550591558218
id_ktifutackp.jpg,0.026434849947690964,0.9577658176422119,0.015799330547451973
id_ku16t864ke.jpg,0.0044256290420889854,0.9118324518203735,0.08374186605215073
id_kuk3hptm3d.jpg,0.0032340975012630224,6.533629493787885e-05,0.9967005848884583
id_kw3e0h0qo0.jpg,0.9737914800643921,0.0070337941870093346,0.019174734130501747
id_kw5a95jiyw.jpg,0.04002782329916954,0.42044660449028015,0.53952556848526
id_kwevugay3c.jpg,0.02204558253288269,0.016281450167298317,0.9616729617118835
id_l0wsj10x2s.jpg,0.10122325271368027,0.5390813946723938,0.3596953749656677
id_l2cgrkhmzl.jpg,0.9981541037559509,8.172292837116402e-06,0.0018376169027760625
id_l2wjciy2k9.jpg,0.004108374938368797,0.05368335172533989,0.9422083497047424
id_l3j0xm05w3.jpg,0.10322948545217514,0.8848471641540527,0.011923323385417461
id_l613kk54tv.jpg,0.0018779488746076822,0.9939391613006592,0.004182862583547831
id_l65bow7k1p.jpg,0.003657436929643154,0.022042166441679,0.9743004441261292
id_l70nmhf28x.jpg,0.0008403522078879178,0.00015831636846996844,0.9990014433860779
id_l84qvfs79z.jpg,0.01646694354712963,0.0737321749329567,0.9098008871078491
id_l8cdsmu0pd.jpg,0.04346943274140358,0.7982844710350037,0.15824605524539948
id_lapii0xyip.jpg,0.0325336828827858,0.6347910761833191,0.3326752483844757
id_lbjlqtfqnu.jpg,0.04367977753281593,0.9066521525382996,0.04966799169778824
id_lbqdy2fu1g.jpg,0.03930244222283363,0.5239543318748474,0.43674322962760925
id_lc3j081r9f.jpg,0.0012253616005182266,0.997826874256134,0.0009477867279201746
id_lchpusu9hv.jpg,0.038441818207502365,0.4281834065914154,0.5333747267723083
id_ld9azbrkn0.jpg,0.005056321620941162,0.0013583942782133818,0.9935852885246277
id_le0b7a02hg.jpg,0.03356126695871353,0.954384446144104,0.012054301798343658
id_lfz4f0u3hl.jpg,0.0005064278375357389,0.9971662163734436,0.0023273618426173925
id_lh6c61f5cd.jpg,0.022421574220061302,0.9753544330596924,0.002224019728600979
id_lhb8r8cqll.jpg,0.053928226232528687,0.599887490272522,0.34618428349494934
id_lmj087tm0f.jpg,0.0017820631619542837,0.024185413494706154,0.974032461643219
id_lmxozg8vh1.jpg,0.02063773013651371,0.5603756904602051,0.41898658871650696
id_ln1lgvlclh.jpg,0.0009567972156219184,0.9923641681671143,0.006679065525531769
id_lox3edb73y.jpg,0.012396378442645073,0.9689378142356873,0.018665878102183342
id_lpf5rf5cef.jpg,0.0004729819484055042,0.9992923736572266,0.00023458179202862084
id_lr01knxejc.jpg,0.009360291063785553,0.9674841165542603,0.023155540227890015
id_lre8xfj5a5.jpg,0.0871945396065712,0.006314478348940611,0.9064909219741821
id_lupvfru1s3.jpg,0.011164705269038677,0.9732277393341064,0.015607560984790325
id_lvihm9ksl3.jpg,0.011622678488492966,0.9437404870986938,0.04463690146803856
id_lvnaamsyes.jpg,0.9875500798225403,0.011089841835200787,0.001360034686513245
id_lvu5creqox.jpg,0.0003878598508890718,0.996218740940094,0.003393470775336027
id_lx3fzn27ya.jpg,0.005645103752613068,0.9000408053398132,0.09431411325931549
id_lyzus2duc9.jpg,0.07304421812295914,0.5290589332580566,0.39789682626724243
id_m08l0bla1p.jpg,0.0005424835253506899,0.9989802241325378,0.00047731611994095147
id_m0btlwtdyj.jpg,0.009076982736587524,0.8411109447479248,0.14981204271316528
id_m13laeeafg.jpg,0.009514816105365753,0.005591500550508499,0.9848937392234802
id_m1kfohhpam.jpg,0.0010869024554267526,0.9971458315849304,0.0017672269605100155
id_m3dj7pcsfm.jpg,0.020686667412519455,0.22630734741687775,0.7530059814453125
id_m4jaqnvn4e.jpg,0.743347704410553,0.03156924992799759,0.22508308291435242
id_m6zfhhia8f.jpg,0.8965606689453125,0.0003614038578234613,0.10307802259922028
id_m7symjqnxf.jpg,0.00014331993588712066,0.0003349327016621828,0.9995217323303223
id_m9iq8hfhmn.jpg,0.00014217765419743955,0.9973024129867554,0.002555388491600752
id_madejx2dsj.jpg,0.13799495995044708,0.6424992680549622,0.21950577199459076
id_mcfzxboyyi.jpg,0.05417517200112343,0.3373696208000183,0.6084551215171814
id_meaye9157o.jpg,0.999283492565155,0.00016866887744981796,0.000547850679140538
id_mi7nha96fs.jpg,0.0007738125277683139,0.9981684684753418,0.0010577141074463725
id_miqvo2w7sn.jpg,0.03301490843296051,0.8747033476829529,0.09228169918060303
id_mjhv8d9dvy.jpg,0.0014783835504204035,0.992442786693573,0.006078819744288921
id_ml4dl8w166.jpg,0.011426788754761219,0.07244596630334854,0.9161273241043091
id_ml6n0ko1v7.jpg,0.06780755519866943,0.6239151358604431,0.30827727913856506
id_mmi9s5q2mv.jpg,0.0016907397657632828,0.9693212509155273,0.028988000005483627
id_mo3bdi0ypm.jpg,0.008718970231711864,0.9785881042480469,0.012692882679402828
id_mokkj027bd.jpg,0.024004044011235237,0.024425458163022995,0.9515703916549683
id_mor6m75cmr.jpg,0.7858951687812805,0.03491581603884697,0.17918896675109863
id_mpcuoyvsqq.jpg,0.0034486849326640368,0.9938750863075256,0.002676222240552306
id_mq9704t67z.jpg,0.0008716934244148433,0.9947369694709778,0.004391365218907595
id_mqnbanp0gs.jpg,0.019208597019314766,0.011357140727341175,0.9694343209266663
id_mqz6zwqb19.jpg,0.9997022747993469,0.0001981081732083112,9.962359035853297e-05
id_mrjmlw7bim.jpg,0.03940282389521599,0.9319948554039001,0.028602316975593567
id_mruj8kcxvq.jpg,0.004109653644263744,0.14455288648605347,0.8513374924659729
id_msy5wmjs0c.jpg,0.0019547324627637863,0.00039185627247206867,0.9976534247398376
id_mtvik21wb4.jpg,0.011797257699072361,0.012784745544195175,0.975417971611023
id_muy3sik0t3.jpg,0.008554482832551003,0.9598591923713684,0.03158628195524216
id_mwtb56vqrl.jpg,0.013138067908585072,0.026064492762088776,0.9607974290847778
id_myal68lj94.jpg,0.07300840318202972,0.9227501153945923,0.004241492133587599
id_n0x5st1b03.jpg,0.01806684397161007,0.8410000801086426,0.14093314111232758
id_n3eoeebe44.jpg,0.03321056067943573,0.9666624665260315,0.00012694702309090644
id_n4o5bhml2e.jpg,0.9951255917549133,0.0031496183946728706,0.0017248464282602072
id_n92kd0fyhy.jpg,0.7860547304153442,0.10950607061386108,0.10443920642137527
id_na7j7fjjo2.jpg,0.0010195511858910322,0.9887508749961853,0.01022959966212511
id_ne6li8rhp1.jpg,0.0063116224482655525,9.222570224665105e-05,0.993596076965332
id_nemier4hyh.jpg,0.04898352175951004,0.014567104168236256,0.936449408531189
id_nf4i1zkwzw.jpg,0.4058200418949127,0.3061748743057251,0.2880050539970398
id_nk0q1tl98l.jpg,0.9999922513961792,1.3778862921753898e-06,6.303639111138182e-06
id_nk1if6d55n.jpg,0.007981626316905022,0.9776606559753418,0.014357694424688816
id_nklzok5d8k.jpg,0.00043375688255764544,0.9985983967781067,0.0009678556816652417
id_nn1llkv5gv.jpg,0.006810713093727827,0.018741870298981667,0.9744473695755005
id_nnufk51f82.jpg,0.7139984965324402,0.010014497675001621,0.27598699927330017
id_nodua32bev.jpg,0.9974603652954102,0.0018720413791015744,0.000667559274006635
id_noq73td865.jpg,0.8863855004310608,0.07779008895158768,0.03582441806793213
id_np3eck4ztu.jpg,0.17547009885311127,0.46866774559020996,0.3558621108531952
id_npob4lecs8.jpg,0.7049776911735535,0.2298680692911148,0.06515417248010635
id_nq7a83plut.jpg,0.05167827382683754,0.9240834712982178,0.024238264188170433
id_nr0y6saehj.jpg,0.14618967473506927,0.8179325461387634,0.03587784618139267
id_nr3m89kokp.jpg,0.018223870545625687,0.007273219060152769,0.9745028018951416
id_nr47vmf0y6.jpg,0.00034473120467737317,0.9981518387794495,0.0015033722156658769
id_nradve23p3.jpg,0.004115093965083361,0.8924286365509033,0.10345630347728729
id_nrhzrkxu90.jpg,0.005406673531979322,0.0009401798597536981,0.9936531782150269
id_ns1z8jq194.jpg,0.5802229046821594,0.045853495597839355,0.37392356991767883
id_ns220uzcsi.jpg,0.028148751705884933,0.9660819172859192,0.005769370589405298
id_ntps3uhxsl.jpg,0.9956388473510742,0.003756145481020212,0.0006049820804037154
id_nvepupqkuu.jpg,0.0037055460270494223,0.9796977639198303,0.01659676618874073
id_nx75sns47n.jpg,0.004060483071953058,0.9943841695785522,0.0015553137054666877
id_nxyktb0riq.jpg,0.07737284898757935,0.9095638394355774,0.013063281774520874
id_o02okrgkei.jpg,0.009814007207751274,0.8971135020256042,0.09307248890399933
id_o40xq2l8vb.jpg,0.7417964935302734,0.05087241530418396,0.2073311060667038
id_o6brmp5kkp.jpg,0.010256705805659294,0.0001415708102285862,0.9896016716957092
id_o7xwecuwbg.jpg,0.0009110379032790661,0.007490695919841528,0.9915982484817505
id_o92bfuokl9.jpg,0.0053987521678209305,0.986525297164917,0.0080760158598423
id_oait28jynd.jpg,0.0005204564658924937,0.9977462887763977,0.0017332048155367374
id_oarwlp7sl8.jpg,0.19503971934318542,0.7741022706031799,0.030857980251312256
id_ob08w0ebm1.jpg,0.00042173764086328447,0.9882879853248596,0.011290289461612701
id_ob71w2bnop.jpg,0.05359480157494545,0.11205821484327316,0.8343470096588135
id_obzycw4cg5.jpg,0.00226716510951519,0.004971851594746113,0.9927610158920288
id_ogbefjp72r.jpg,0.9821718335151672,0.01696130633354187,0.0008669347153045237
id_oh2que39wy.jpg,0.006086838431656361,0.9793044328689575,0.014608725905418396
id_oh94ko477a.jpg,0.0040990328416228294,0.004446874838322401,0.991454005241394
id_ohz8x56i79.jpg,0.032713573426008224,0.9671788215637207,0.0001076454936992377
id_oli1uj1las.jpg,0.03305276483297348,0.010038205422461033,0.9569091200828552
id_om3a8xve6l.jpg,0.9094855189323425,0.014566207304596901,0.07594826072454453
id_om7ytfcpls.jpg,0.004102538805454969,0.04804983735084534,0.9478476643562317
id_oo1mx5ymtk.jpg,0.027582230046391487,0.9718377590179443,0.0005800761864520609
id_oohww1e3aa.jpg,0.005488230846822262,0.9940211176872253,0.0004906026879325509
id_or2qbpuujw.jpg,0.03558634594082832,0.9371739029884338,0.027239756658673286
id_or8godvlwx.jpg,0.5538856983184814,0.4459344446659088,0.00017988492618314922
id_ou8pq1hzwd.jpg,0.0783131793141365,0.8113154768943787,0.11037137359380722
id_ouq03n3opt.jpg,0.13285411894321442,0.22455257177352905,0.642593264579773
id_oxcs1wnblk.jpg,0.00024262297665700316,0.0002603471511974931,0.9994970560073853
id_oxz95d1qnm.jpg,0.003165920963510871,0.9922086000442505,0.004625494591891766
id_oyytkl3oa0.jpg,0.03002999722957611,0.5691199898719788,0.4008500277996063
id_ozjffwap45.jpg,0.0008763077785260975,0.0019913027063012123,0.997132420539856
id_p13pqhe04f.jpg,0.0028154158499091864,0.9952505826950073,0.0019340033177286386
id_p3bpzqhhit.jpg,0.001589402905665338,0.9981321692466736,0.0002784765383694321
id_p47lz1d5up.jpg,0.0005126637406647205,0.9939897060394287,0.005497682839632034
id_p6y4n6vn5e.jpg,0.01147050317376852,0.006742996629327536,0.9817864298820496
id_p7z5t8nr7f.jpg,0.9598792195320129,0.0009150303667411208,0.039205677807331085
id_p974tike4b.jpg,0.2711668610572815,0.6732226014137268,0.055610571056604385
id_pck11u93dn.jpg,0.6869785785675049,0.21274973452091217,0.10027167201042175
id_pdmpgo51zf.jpg,0.0008343723602592945,5.4001957323635e-05,0.9991117119789124
id_phv3e7s9vd.jpg,0.01309879869222641,0.9866666197776794,0.000234558989177458
id_phxagy4y6s.jpg,0.8676074743270874,0.008820404298603535,0.12357208877801895
id_pife8wip0b.jpg,0.10122192651033401,0.8983453512191772,0.00043270186870358884
id_pn7y6g0hjp.jpg,0.9460015296936035,0.0008752851281315088,0.053123168647289276
id_pntkpy57se.jpg,0.004102538805454969,0.04804983735084534,0.9478476643562317
id_pp24w882ur.jpg,0.9998717308044434,1.1942054243263556e-06,0.00012710262672044337
id_ppdr0gmt9d.jpg,0.019416023045778275,0.008596610277891159,0.9719874262809753
id_pqj40ezo84.jpg,0.0007453974685631692,0.9892916083335876,0.00996305514127016
id_psaye5bbmy.jpg,0.0008703448693268001,1.4484858184005134e-05,0.9991151690483093
id_puhujcukah.jpg,0.0028719170950353146,0.968897819519043,0.028230220079421997
id_pwgy33mr4b.jpg,0.04783892631530762,0.9082432985305786,0.0439176931977272
id_pwn5e9e1p7.jpg,0.0021590187679976225,0.9935976266860962,0.004243402276188135
id_pwpzosfvbm.jpg,0.0013067058753222227,0.0012758068041875958,0.9974174499511719
id_px5m0awyjx.jpg,0.006988537963479757,0.8662283420562744,0.1267831176519394
id_pyhcdjz8o8.jpg,0.01766645535826683,0.971476674079895,0.010856877081096172
id_pyjq5r512g.jpg,0.04175977408885956,0.9330141544342041,0.02522612363100052
id_pzrm28n2bq.jpg,0.00012300309026613832,0.9982587695121765,0.001618232810869813
id_q1rjf8ygj8.jpg,0.9979013204574585,0.0010065526003018022,0.0010922086657956243
id_q2517ryv7t.jpg,0.0006591365090571344,0.00018992401601281017,0.9991508722305298
id_q32ayk5adl.jpg,0.9996271133422852,1.2490244444052223e-05,0.00036038653342984617
id_q3wdq35cv5.jpg,0.0016086817486211658,0.9946237802505493,0.003767558839172125
id_q6g4z619ff.jpg,0.00012510041415225714,0.9997417330741882,0.00013317404955159873
id_q7dsadfkfp.jpg,0.4248962104320526,0.032857973128557205,0.5422458052635193
id_q8b3e1az0w.jpg,0.00036387983709573746,0.9977533221244812,0.001882753218524158
id_qalbod24ns.jpg,0.05428863689303398,0.0027965086046606302,0.9429148435592651
id_qbwv3fl351.jpg,0.0027536991983652115,0.0011606344487518072,0.9960857629776001
id_qcbd33fhkd.jpg,0.04122795909643173,0.94078528881073,0.017986735329031944
id_qdw44akx59.jpg,0.007999835535883904,0.07266756147146225,0.9193325638771057
id_qdylk3rwsi.jpg,0.0038345246575772762,0.9810576438903809,0.015107838436961174
id_qdzqcr85sb.jpg,0.001681849709711969,0.9930768013000488,0.0052413251250982285
id_qetwm61xjq.jpg,0.08368048816919327,0.8032258749008179,0.11309371143579483
id_qh7mb43ea4.jpg,0.002604676177725196,0.0018431930802762508,0.995552122592926
id_qhwsn5sjky.jpg,0.08762098848819733,0.003409477649256587,0.908969521522522
id_qjvehdunvp.jpg,0.051295578479766846,0.5359411835670471,0.4127632677555084
id_qm0yihlx8r.jpg,0.05966624617576599,0.939250648021698,0.0010831475956365466
id_qmoz3pj1ki.jpg,0.005399922374635935,0.8783867955207825,0.11621327698230743
id_qo5q3bzxum.jpg,0.004712823778390884,0.992976725101471,0.002310432493686676
id_qp60rugwpz.jpg,0.013949992135167122,0.97897869348526,0.007071339525282383
id_qphv1wsryg.jpg,0.0772857740521431,0.008553311228752136,0.9141608476638794
id_qqtf2q8hqu.jpg,0.06829569488763809,0.9240955710411072,0.007608687970787287
id_qspez4tmne.jpg,0.007314263842999935,0.9845479130744934,0.008137802593410015
id_quhj73jw7i.jpg,0.15725021064281464,0.6169814467430115,0.22576835751533508
id_qv31emc1k3.jpg,0.005105876829475164,0.9852231740951538,0.00967093650251627
id_qw8eivp436.jpg,0.017813468351960182,0.9743161797523499,0.007870359346270561
id_qx0p7xr36g.jpg,0.02235426753759384,0.9606508612632751,0.016994919627904892
id_qy87hrslg6.jpg,0.005990555509924889,0.9932193160057068,0.0007901691133156419
id_r0gcaflg0r.jpg,0.21220315992832184,0.7871071100234985,0.0006897173007018864
id_r0oxjlww33.jpg,0.003188465489074588,0.9604640007019043,0.036347489804029465
id_r1c568gyb7.jpg,0.04899912327528,0.6806184649467468,0.27038243412971497
id_r2qh78jyob.jpg,0.12836076319217682,0.8647729158401489,0.00686632189899683
id_r50fyfnzqh.jpg,0.12269831448793411,0.062247104942798615,0.8150545954704285
id_r5s3cn4iuq.jpg,0.8523957133293152,0.030718380585312843,0.11688589304685593
id_r84o75bud7.jpg,0.9998360872268677,2.8072732675354928e-05,0.00013575729099102318
id_rb445eugon.jpg,0.0007883640355430543,0.9991945624351501,1.7065987776732072e-05
id_rcx2w5a6g9.jpg,0.0017254101112484932,0.006766156759113073,0.9915083646774292
id_reekwcctmj.jpg,7.664904114790261e-05,0.9990535378456116,0.0008698576712049544
id_rfy3r8jhtk.jpg,0.14170624315738678,0.8052234053611755,0.05307038128376007
id_rgl13ss505.jpg,0.4281363785266876,0.07587646692991257,0.49598708748817444
id_rh42otmp8x.jpg,0.030795028433203697,0.962583601474762,0.006621325854212046
id_rhwaelt77b.jpg,0.0002510680060368031,3.2438212656416e-05,0.9997164607048035
id_rhxyv62mdq.jpg,0.04831854999065399,0.8622050881385803,0.0894763246178627
id_rj02n63kp6.jpg,0.003851794870570302,0.8397054672241211,0.15644273161888123
id_rj4wx2zzhp.jpg,0.007176617626100779,0.3101336359977722,0.6826897859573364
id_rjb0m0kzrs.jpg,0.003588268766179681,0.02806861139833927,0.9683430790901184
id_rlmqwptg69.jpg,0.14078862965106964,0.8391835689544678,0.020027801394462585
id_rlp1zc40tf.jpg,0.0024915284011512995,0.003247477812692523,0.9942610263824463
id_rlryrjw5qt.jpg,0.009299165569245815,0.7360596060752869,0.25464117527008057
id_rnwysctm75.jpg,0.06827215850353241,0.8522229790687561,0.07950491458177567
id_rqd5qo1lpz.jpg,0.09842633455991745,0.8902658224105835,0.011307827197015285
id_rr09z2xvu4.jpg,0.001690858043730259,0.990896999835968,0.007412124890834093
id_rr8c6flpv1.jpg,0.02493414096534252,0.1707318127155304,0.8043339848518372
id_rrbk30r6kh.jpg,0.9796342253684998,0.004738963674753904,0.01562674529850483
id_rsgpp32hk6.jpg,0.00019859490566886961,6.606534952879883e-06,0.9997949004173279
id_rswpjbk5ea.jpg,0.08239774405956268,0.7605214715003967,0.15708079934120178
id_rycjvmjn4k.jpg,0.002294118283316493,0.9965072274208069,0.001198577811010182
id_rykyhtg5c3.jpg,0.0063491091132164,0.9921255707740784,0.0015253572491928935
id_rzwjplxtyh.jpg,0.0010290546342730522,0.019158393144607544,0.9798126220703125
id_s0wikiu8hn.jpg,0.14015136659145355,0.7237458229064941,0.1361028105020523
id_s1av7tc3vw.jpg,0.0074619268998503685,0.09968709200620651,0.892850935459137
id_s1ddf6gcj2.jpg,0.01933707296848297,0.9462395906448364,0.034423332661390305
id_s4sboy3ozh.jpg,0.0037671516183763742,0.9961597919464111,7.300469587789848e-05
id_s7wudr4fcb.jpg,0.00044035978498868644,0.9989725351333618,0.0005871807225048542
id_s8tnbtoqjb.jpg,0.999847412109375,0.00010125945846084505,5.122870788909495e-05
id_s8vc8sbsz5.jpg,0.018467247486114502,0.044455040246248245,0.9370777010917664
id_s8zflbhuvf.jpg,0.013292290270328522,0.02313893474638462,0.9635687470436096
id_s9ewsbgwuh.jpg,0.9979204535484314,0.001381609821692109,0.0006979398312978446
id_s9fqnvn2m4.jpg,0.004341602325439453,0.9928015470504761,0.00285688741132617
id_s9udrx90dy.jpg,0.000497740984428674,0.9985590577125549,0.0009432169608771801
id_sa5m7o3raa.jpg,0.001728514675050974,0.014340710826218128,0.983930766582489
id_sbwyxqj41t.jpg,0.20901645720005035,0.3385813534259796,0.4524022042751312
id_sd3gb6ksxl.jpg,0.2592798173427582,0.7135574221611023,0.027162767946720123
id_sdbv9gvvrf.jpg,0.025509798899292946,0.9648203253746033,0.009669868275523186
id_se3unvvegw.jpg,0.0007775930571369827,0.9991075396537781,0.00011482418631203473
id_sec433h1se.jpg,0.006045043468475342,0.0056782434694468975,0.9882766604423523
id_sfr6b6w9ys.jpg,0.04390237107872963,0.9355325698852539,0.02056506834924221
id_sfswc1ko1g.jpg,0.0019520377973094583,0.9933016300201416,0.004746356979012489
id_sj80vdw1bu.jpg,0.005334463436156511,0.991541862487793,0.0031236361246556044
id_sjbllalhq7.jpg,0.015238004736602306,0.5128535628318787,0.47190847992897034
id_snoz9zpjyt.jpg,0.28525206446647644,0.7079890370368958,0.0067589194513857365
id_snuttkxu9g.jpg,0.0008530578343197703,0.9985119700431824,0.0006349679315462708
id_sogq5cgbut.jpg,0.0051269992254674435,0.9819638729095459,0.012909123674035072
id_soncg0jffg.jpg,0.03917348012328148,0.9521942734718323,0.008632242679595947
id_spsdfjdex9.jpg,0.014197558164596558,0.985375702381134,0.0004267649201210588
id_sqnzvsbune.jpg,4.8969435738399625e-05,0.9987670183181763,0.001184024615213275
id_ssg6xiptba.jpg,0.0024686006363481283,0.9537885189056396,0.04374287277460098
id_ste0oewz55.jpg,0.8993096947669983,0.04981919750571251,0.05087113380432129
id_sthbo5zefn.jpg,0.015489519573748112,0.0020739079918712378,0.9824366569519043
id_stwwzttsfk.jpg,0.0036690509878098965,0.0022375190164893866,0.9940934777259827
id_suwetdb7vd.jpg,0.998779833316803,0.0004889603005722165,0.0007311916560865939
id_swfnvjpg9v.jpg,0.01329567190259695,0.0016551464796066284,0.9850491881370544
id_szhbo0igbe.jpg,0.00035924286930821836,8.318587060784921e-05,0.9995575547218323
id_szljg89lq9.jpg,0.005799685604870319,0.9822643399238586,0.011935957707464695
id_t19dc030qz.jpg,0.3547244668006897,0.19743289053440094,0.44784265756607056
id_t37u1133mm.jpg,0.0005435210769064724,0.9980523586273193,0.001404173788614571
id_t3ejwleejy.jpg,0.008619030937552452,0.0003888521168846637,0.9909920692443848
id_t6s3igq9fc.jpg,0.0020560408011078835,0.00124071363825351,0.9967033267021179
id_t7nfloqibb.jpg,0.9995794892311096,0.00028189443401061,0.00013861145998816937
id_t8bkohpg52.jpg,0.0025714985094964504,0.002210211707279086,0.9952182173728943
id_tbra58cfuq.jpg,0.0023726988583803177,0.9959153532981873,0.0017119457479566336
id_tcyupvg1y4.jpg,0.0066320267505943775,0.9769322872161865,0.016435647383332253
id_tdnddlz0tm.jpg,0.14403201639652252,0.25973260402679443,0.5962353944778442
id_tdxkzfymw1.jpg,0.0028607225976884365,0.9892706871032715,0.007868570275604725
id_tdzc8ybddv.jpg,0.14198732376098633,0.7330838441848755,0.12492886185646057
id_tf63upea5a.jpg,0.0031087964307516813,0.9958367347717285,0.0010545209515839815
id_tfkf8byes4.jpg,0.6958195567131042,0.0019137647468596697,0.3022666275501251
id_tghs8neuez.jpg,0.012139360420405865,0.00043908588122576475,0.9874215126037598
id_tgp7vxu3a8.jpg,0.000757999368943274,0.00019064906518906355,0.9990512728691101
id_tgy35ev719.jpg,0.05306302756071091,0.9413361549377441,0.005600855220109224
id_thxs2qqpqg.jpg,0.999817430973053,7.090536382747814e-05,0.00011169053323101252
id_tilxme6mos.jpg,0.006559218745678663,0.9930641055107117,0.0003767100570257753
id_tk5oepc6vw.jpg,0.045787885785102844,0.10430363565683365,0.8499085307121277
id_tmn0kr41se.jpg,0.002330871531739831,0.9889525175094604,0.008716583251953125
id_tnpvn0t60n.jpg,0.01894266903400421,0.07227778434753418,0.9087795615196228
id_toiig8o6nt.jpg,0.9999117851257324,6.606876559089869e-05,2.2154041289468296e-05
id_top4rdz7ty.jpg,0.13137051463127136,0.3050994873046875,0.5635300278663635
id_tpxmv75riv.jpg,0.08747535198926926,0.04215868189930916,0.8703659772872925
id_tqrg299dxv.jpg,0.005342900287359953,0.7445985674858093,0.2500585615634918
id_trwdowxes3.jpg,0.9712870717048645,0.013207744807004929,0.015505204908549786
id_tsfwbky6s3.jpg,0.004305023699998856,0.9921872615814209,0.0035076579079031944
id_tt9qlvvcji.jpg,0.034452710300683975,0.889176070690155,0.0763712003827095
id_ttp4tztiek.jpg,0.03272108733654022,0.9167647361755371,0.050514206290245056
id_ttp67r9gl6.jpg,0.0015120812458917499,0.8052379488945007,0.19324998557567596
id_tuwlieph08.jpg,0.0039903041906654835,0.9929673671722412,0.0030424087308347225
id_tv168ghvxd.jpg,0.01773313619196415,0.980475127696991,0.0017916869837790728
id_tvd1vr9c6c.jpg,2.4379151000175625e-05,6.098746780480724e-06,0.999969482421875
id_tzgwvdjh8y.jpg,0.9895534515380859,8.123945735860616e-05,0.010365214198827744
id_u0ubc6531p.jpg,0.022533340379595757,0.05239932984113693,0.9250672459602356
id_u18q7ctpk3.jpg,0.0006185109377838671,0.9991719722747803,0.00020950402540620416
id_u3ato7u1z2.jpg,0.836215078830719,0.006792101077735424,0.15699277818202972
id_u3nu82b2w0.jpg,0.9963597655296326,0.0024658916518092155,0.0011742835631594062
id_u6g8xhcq4v.jpg,0.0003997757157776505,0.9976614713668823,0.0019387666834518313
id_u822p5sq8b.jpg,0.9005554914474487,0.032563574612140656,0.06688090413808823
id_ua9fx7k3g7.jpg,0.0011757316533476114,0.9756035208702087,0.023220719769597054
id_uddlkgvn23.jpg,0.03218802809715271,0.25767549872398376,0.7101364135742188
id_ue490hfcyv.jpg,0.9847700595855713,0.002545749768614769,0.012684167362749577
id_ueo95s7inb.jpg,0.005309608764946461,0.024784674867987633,0.9699057340621948
id_ufcorwsgqd.jpg,0.3038029968738556,0.49921491742134094,0.1969819962978363
id_ui6swc82vn.jpg,0.007680066861212254,0.9175537824630737,0.0747661367058754
id_ujskwrw6bg.jpg,0.002234924351796508,0.983897864818573,0.013867206871509552
id_ukl71eqd1n.jpg,0.00474776653572917,0.9691486954689026,0.026103543117642403
id_ukub3q9emc.jpg,0.015725182369351387,0.9724003672599792,0.011874441057443619
id_ulyj9e7m79.jpg,0.00294863386079669,0.05958857014775276,0.9374627470970154
id_ulzk4p835t.jpg,0.006751617416739464,0.9897308349609375,0.0035176165401935577
id_uompu9rj03.jpg,0.9478576183319092,0.04699523746967316,0.005147230811417103
id_uq1acn82ek.jpg,0.6616469025611877,0.2667825520038605,0.07157059758901596
id_urk774ut2a.jpg,0.9997621178627014,0.00018419520347379148,5.3648916946258396e-05
id_uutzgouzed.jpg,0.037336450070142746,0.8887476325035095,0.07391597330570221
id_uwg9j6d6u5.jpg,0.002356627257540822,0.006029842887073755,0.991613507270813
id_uxutpxc599.jpg,0.0016896261367946863,0.9970934391021729,0.0012169803958386183
id_uxvq5xwulb.jpg,0.017482182011008263,0.6007670164108276,0.3817508816719055
id_uy2i5sgmo1.jpg,0.0024968599900603294,0.008309922181069851,0.9891932606697083
id_v016283wjn.jpg,0.9995760321617126,0.00036647499655373394,5.7486606237944216e-05
id_v1hlmorp50.jpg,0.0956220030784607,0.11052973568439484,0.7938482761383057
id_v2at6dlgst.jpg,0.01155130099505186,0.011034739203751087,0.9774140119552612
id_v3gknb05v8.jpg,0.9999092817306519,8.140429417835549e-05,9.25733274925733e-06
id_v3rklm0vbg.jpg,0.008060509338974953,0.9859088063240051,0.006030723452568054
id_v7nbqrhggw.jpg,0.22959476709365845,0.14642614126205444,0.6239790916442871
id_v8grwbidcc.jpg,0.02501196414232254,0.9485782980918884,0.026409775018692017
id_v919v66exa.jpg,0.9471734762191772,0.0017710141837596893,0.05105549097061157
id_v93k3mjxfz.jpg,0.0005131728830747306,0.9982143640518188,0.0012725458946079016
id_vautp73pum.jpg,0.2361871600151062,0.7048263549804688,0.058986514806747437
id_vawh0j78pi.jpg,0.003805859014391899,0.0015061632730066776,0.9946880340576172
id_venjjlvsdb.jpg,0.005735131446272135,0.9911025762557983,0.003162335604429245
id_vilw006woa.jpg,0.01135119330137968,0.8559978604316711,0.1326509714126587
id_vk3bsqnian.jpg,0.0004074994067195803,0.9995183944702148,7.405834185192361e-05
id_vm95trmrym.jpg,0.0017102855490520597,0.9981932044029236,9.652497828938067e-05
id_vnp8h2ahwz.jpg,0.9899195432662964,0.00678695272654295,0.003293506568297744
id_vnr96k4otc.jpg,0.013102387078106403,0.9772207736968994,0.009676867164671421
id_vqkscphy17.jpg,0.004819795023649931,0.9663527011871338,0.028827589005231857
id_vs50x01pnn.jpg,0.011293867602944374,0.8443242311477661,0.14438188076019287
id_vtclbp2q6p.jpg,0.6406334042549133,0.10796985030174255,0.2513967454433441
id_vud88to52u.jpg,0.39108356833457947,0.2593654692173004,0.3495509624481201
id_vunngzaao0.jpg,0.0012762881815433502,0.9918673634529114,0.006856348365545273
id_vwi9qf83z5.jpg,0.0719868540763855,0.9045696258544922,0.02344351075589657
id_vybvadxbeg.jpg,0.0002003879490075633,0.9967442750930786,0.0030552612151950598
id_vyimjd8ozt.jpg,0.0017983355792239308,0.9651185870170593,0.033083125948905945
id_w0qxihth93.jpg,0.0022705374285578728,0.0018139673629775643,0.9959154725074768
id_w0yjhohz11.jpg,0.33880048990249634,0.00899247732013464,0.6522070169448853
id_w1ej4cs5x4.jpg,0.0007322438759729266,0.9809964895248413,0.018271204084157944
id_w2504mxdan.jpg,0.11941824108362198,0.8680018186569214,0.012579957954585552
id_w2yvcm69k8.jpg,0.0007387857185676694,0.00011249638919252902,0.9991487264633179
id_w3jdvmb9ng.jpg,0.5653917193412781,0.0027451934292912483,0.43186309933662415
id_w3xc9815j2.jpg,0.013640088029205799,0.985333263874054,0.001026672194711864
id_w5bhneyqo7.jpg,0.021832523867487907,0.09812328219413757,0.8800442218780518
id_w6jwojzr9v.jpg,0.01621122471988201,0.9568971395492554,0.026891617104411125
id_w763tns6e6.jpg,0.009333881549537182,0.05101080983877182,0.9396552443504333
id_w86ku2lcm4.jpg,0.0023848148994147778,0.9872432947158813,0.010371871292591095
id_w8p5399l7w.jpg,0.02581818774342537,0.9618357419967651,0.012346112169325352
id_w99do194z1.jpg,0.0016100432258099318,0.7724420428276062,0.22594788670539856
id_w9fm3x1my6.jpg,0.02684612199664116,0.13229377567768097,0.84086012840271
id_w9yf7sq9e9.jpg,0.02910403534770012,0.8015208840370178,0.16937506198883057
id_wa5en4qhoh.jpg,0.10255172848701477,0.6073565483093262,0.29009178280830383
id_wb1cl3irf7.jpg,0.018951620906591415,0.9799356460571289,0.001112658646889031
id_we9o2buksi.jpg,7.869308319641277e-05,0.9998996257781982,2.161176598747261e-05
id_wfa94ie2du.jpg,0.999099850654602,0.0005742032662965357,0.00032596851815469563
id_wgak7atnj8.jpg,0.007772385608404875,0.9787444472312927,0.01348315179347992
id_wgv3zrcwav.jpg,0.15032370388507843,0.01148858293890953,0.8381877541542053
id_whbk4vq0xf.jpg,0.015030497685074806,0.6231217980384827,0.36184772849082947
id_whhw9gbfeb.jpg,0.0026908915024250746,0.0022130883298814297,0.9950960278511047
id_wi9dejk0b9.jpg,0.0004448051913641393,0.999311089515686,0.00024412745551671833
id_wlgd8c7s3z.jpg,0.007035123184323311,0.99114590883255,0.0018189611146226525
id_wmx7rlrxg0.jpg,0.26277029514312744,0.7249689698219299,0.012260708957910538
id_wn1325oc1y.jpg,0.0026869361754506826,0.0022040451876819134,0.9951090216636658
id_wnlql3t1c1.jpg,0.0023661397863179445,0.9844045042991638,0.013229377567768097
id_wq18wcp81e.jpg,0.15709154307842255,0.8422887325286865,0.0006196753238327801
id_wquw3q3p2z.jpg,0.013901547528803349,0.9071360230445862,0.07896237820386887
id_wqwoxsohdv.jpg,0.0025960339698940516,0.8931969404220581,0.10420706123113632
id_wrukk3s51z.jpg,0.8487104177474976,0.02052898146212101,0.13076059520244598
id_wrw6kgxh4a.jpg,0.00396606232970953,0.008432903327047825,0.9876011610031128
id_wsh7t9dxnf.jpg,0.9996954202651978,0.0001978194632101804,0.00010673840006347746
id_wu6jtop7y1.jpg,0.4556773602962494,0.016133591532707214,0.5281890630722046
id_wvb9f6jqxp.jpg,0.9923290610313416,0.000803362752776593,0.006867656484246254
id_wwo1nsomhj.jpg,2.474683969921898e-05,0.9998127818107605,0.00016254086222033948
id_wwtgdf0p1l.jpg,0.0012994499411433935,0.9956166744232178,0.0030838323291391134
id_wxo66wf3gm.jpg,0.0016798392171040177,0.9938785433769226,0.004441678524017334
id_wyunn3afu3.jpg,0.004363883286714554,0.0007822415209375322,0.9948539137840271
id_wywe3z64s3.jpg,0.003217277815565467,0.9178594946861267,0.07892323285341263
id_wz36qs2v2y.jpg,0.09431608766317368,0.574015200138092,0.3316687345504761
id_wz8mbn9sng.jpg,0.9992664456367493,0.0004326975904405117,0.00030094271642155945
id_x001eogutw.jpg,0.0862148255109787,0.8315593004226685,0.08222585916519165
id_x0nnigif79.jpg,0.5681116580963135,0.4011443257331848,0.03074401430785656
id_x68mjo4xbl.jpg,0.019658289849758148,0.003366153221577406,0.9769755601882935
id_x791d7hjde.jpg,0.002138925949111581,0.054455582052469254,0.9434055089950562
id_x8841bs8mo.jpg,0.12282771617174149,0.2507989704608917,0.6263733506202698
id_x8c5blrien.jpg,0.0011046730214729905,0.9945125579833984,0.004382764920592308
id_x92bjv4m7a.jpg,0.035586778074502945,0.9455563426017761,0.018856937065720558
id_x9fw0j3iqa.jpg,0.0038561371620744467,0.05205807462334633,0.9440858960151672
id_xajwlvf7tw.jpg,0.1069776862859726,0.8478260636329651,0.045196283608675
id_xal0mklwc3.jpg,0.9688893556594849,0.009827164001762867,0.021283471956849098
id_xb7bivle83.jpg,0.014589086174964905,0.48624953627586365,0.49916133284568787
id_xbi5xa8pl7.jpg,0.03251427039504051,0.9136794805526733,0.053806331008672714
id_xbpu7rwpog.jpg,0.0020507704466581345,0.9970571994781494,0.0008920624968595803
id_xedjynm8sh.jpg,0.0067778658121824265,0.0002408007567282766,0.9929813146591187
id_xeu58snvje.jpg,0.0055647254921495914,0.9861403703689575,0.00829488504678011
id_xg82bhcs72.jpg,0.866754412651062,0.11925841122865677,0.013987173326313496
id_xgqkcc5npp.jpg,0.9341152310371399,0.01027645356953144,0.0556083507835865
id_xi7r0lr3vt.jpg,0.9868214726448059,0.009630290791392326,0.0035481855738908052
id_xiv6fmv4wm.jpg,0.02636345662176609,0.8697535991668701,0.10388292372226715
id_xj1s29redt.jpg,0.009136599488556385,0.9868647456169128,0.0039986190386116505
id_xjbzes2q7b.jpg,0.0020742230117321014,0.9951003193855286,0.002825512085109949
id_xl5adfkuw2.jpg,0.007056748494505882,0.9617531299591064,0.031190114095807076
id_xq8xbgid55.jpg,0.9882915616035461,0.0001898608315968886,0.011518552899360657
id_xr40o03eho.jpg,0.22150665521621704,0.05403418838977814,0.7244592308998108
id_xr9avpzwjz.jpg,0.08650010079145432,0.8592355251312256,0.05426440015435219
id_xrer1k8ota.jpg,0.0019829331431537867,0.9938072562217712,0.004209750797599554
id_xs96ksjv7k.jpg,0.18848161399364471,0.1046474352478981,0.7068710327148438
id_xsaeioml0k.jpg,0.03787139058113098,0.6516264081001282,0.3105022609233856
id_xsdosw4f63.jpg,0.00039928447222337127,0.9960361123085022,0.00356464646756649
id_xuhsdgid5q.jpg,0.0071246204897761345,0.9557610750198364,0.037114329636096954
id_xuygfg2sp3.jpg,0.007311038672924042,0.5277783870697021,0.4649105370044708
id_xy6orpo8zf.jpg,0.00251662521623075,0.9877136945724487,0.009769631549715996
id_y1o2x9smtx.jpg,0.001589402905665338,0.9981321692466736,0.0002784765383694321
id_y25rtqtb7t.jpg,0.0017725027864798903,0.9953798055648804,0.0028477394953370094
id_y4yz1jk5r1.jpg,0.0043866438791155815,0.9911230802536011,0.004490329883992672
id_y56i8gbqm7.jpg,0.9972620010375977,0.00015059886209201068,0.002587348222732544
id_y5ukefbcps.jpg,0.0015955838607624173,0.9937500357627869,0.004654368851333857
id_y75fvp3yr1.jpg,0.9992794394493103,0.0004685276944655925,0.00025204260600730777
id_y7mqirxdv8.jpg,0.023568961769342422,0.9664101004600525,0.010020948015153408
id_y82ho9id89.jpg,7.85593074397184e-05,0.9998890161514282,3.246535925427452e-05
id_y8rq551j3m.jpg,0.0474737174808979,0.013641195371747017,0.9388850927352905
id_yc5lf1k1ns.jpg,0.9771223664283752,0.010029620490968227,0.012848122045397758
id_yciny6gykn.jpg,0.0020793178118765354,0.9956854581832886,0.002235189313068986
id_yfbqkw1ymg.jpg,0.08190392702817917,0.7763391137123108,0.1417570263147354
id_yfppsjq33j.jpg,0.026461437344551086,0.9518046975135803,0.021733807399868965
id_yhji67eb9c.jpg,0.06773096323013306,0.04950372874736786,0.8827652335166931
id_yies2kffo9.jpg,0.33277198672294617,0.6634824872016907,0.0037455775309354067
id_yijkuvg4c6.jpg,0.02848723717033863,0.06696254014968872,0.9045501351356506
id_yjme0wt3ne.jpg,0.002426862483844161,0.9953504800796509,0.0022226751316338778
id_ykwjcm7qqr.jpg,0.0004995313356630504,0.9961557984352112,0.0033447053283452988
id_yl7mb6baap.jpg,0.0008896561339497566,0.9985846281051636,0.0005257176817394793
id_yl85vi7fal.jpg,0.0019709730986505747,0.01522284746170044,0.9828061461448669
id_ym9mzaewzx.jpg,0.09532612562179565,0.8885349035263062,0.01613897830247879
id_ymd931nw1w.jpg,0.0017200219444930553,0.004591317847371101,0.9936887621879578
id_yny73gm4c4.jpg,0.13112491369247437,0.560829222202301,0.30804580450057983
id_yo4h7crinn.jpg,0.0010358118452131748,3.63629987987224e-05,0.998927891254425
id_ys8pl8iwuj.jpg,0.13312065601348877,0.825232744216919,0.04164663329720497
id_ysjhxc0kpv.jpg,0.07087129354476929,0.9204879999160767,0.008640733547508717
id_ytwkt162q6.jpg,0.0003511143440846354,0.00028584006940945983,0.999363124370575
id_yuo2xlbzs9.jpg,0.003918485715985298,0.9959815740585327,9.988997771870345e-05
id_yz8m2zc7mn.jpg,0.002753953915089369,0.9707480669021606,0.026497920975089073
id_z0di3urhd3.jpg,0.009830578230321407,0.8510903120040894,0.13907918334007263
id_z405c8vwbs.jpg,0.0007991075399331748,0.9788392186164856,0.02036168985068798
id_z4ra6bl1u5.jpg,0.022860275581479073,0.9578409194946289,0.01929882913827896
id_z9o3yg7icv.jpg,0.9945740103721619,0.004305390641093254,0.001120703644119203
id_z9vpagzd8d.jpg,0.9851807355880737,0.011693838983774185,0.003125351620838046
id_ze7kusje5k.jpg,0.007603625766932964,0.9922603964805603,0.0001359461311949417
id_zezswf7mgc.jpg,0.00011479863314889371,8.674861419422086e-06,0.9998764991760254
id_zf23xyc4tp.jpg,0.0049527776427567005,0.9948090314865112,0.00023814573069103062
id_zirhmvpnxr.jpg,0.052540987730026245,0.001328186714090407,0.9461308717727661
id_zjttmksblf.jpg,0.0034031965769827366,0.0014292474370449781,0.9951674938201904
id_zlht6gd0y2.jpg,0.2304530292749405,0.75223708152771,0.017309918999671936
id_zll75i7pth.jpg,0.00041031878208741546,3.6556706618284807e-05,0.9995530247688293
id_zot2kkt61p.jpg,0.3561784327030182,0.012927034869790077,0.6308945417404175
id_zppfrdno2o.jpg,0.6570862531661987,0.16068516671657562,0.18222853541374207
id_zqw38plmbv.jpg,0.04238567501306534,0.2912891209125519,0.6663252115249634
id_zrdlgjrq3r.jpg,0.9963114857673645,0.0008716779993847013,0.0028168288990855217
id_zsfayxwipp.jpg,0.008084071800112724,0.0006159389740787446,0.9913000464439392
id_ztvp2l9k3h.jpg,0.14830994606018066,0.4673815965652466,0.384308397769928
id_zwwcma7hlt.jpg,0.025225644931197166,0.9733258485794067,0.001448499970138073
id_zyo7m4fj8h.jpg,0.14301753044128418,0.8336572051048279,0.02332526259124279
